#
# There is insufficient memory for the Java Runtime Environment to continue.
# Native memory allocation (malloc) failed to allocate 363984 bytes for Chunk::new
# Possible reasons:
#   The system is out of physical RAM or swap space
#   The process is running with CompressedOops enabled, and the Java Heap may be blocking the growth of the native heap
# Possible solutions:
#   Reduce memory load on the system
#   Increase physical memory or swap space
#   Check if swap backing store is full
#   Decrease Java heap size (-Xmx/-Xms)
#   Decrease number of Java threads
#   Decrease Java thread stack sizes (-Xss)
#   Set larger code cache with -XX:ReservedCodeCacheSize=
#   JVM is running with Zero Based Compressed Oops mode in which the Java heap is
#     placed in the first 32GB address space. The Java Heap base address is the
#     maximum limit for the native heap growth. Please use -XX:HeapBaseMinAddress
#     to set the Java Heap base and to place the Java Heap above 32GB virtual address.
# This output file may be truncated or incomplete.
#
#  Out of Memory Error (arena.cpp:168), pid=42076, tid=17824
#
# JRE version: Java(TM) SE Runtime Environment (21.0.2+13) (build 21.0.2+13-LTS-58)
# Java VM: Java HotSpot(TM) 64-Bit Server VM (21.0.2+13-LTS-58, mixed mode, sharing, tiered, compressed oops, compressed class ptrs, g1 gc, windows-amd64)
# No core dump will be written. Minidumps are not enabled by default on client versions of Windows
#

---------------  S U M M A R Y ------------

Command Line: -Xmx4g -XX:+IgnoreUnrecognizedVMOptions --add-modules=jdk.incubator.vector --add-opens=java.base/java.lang=ALL-UNNAMED --add-opens=java.base/java.lang.invoke=ALL-UNNAMED --add-opens=java.base/java.lang.reflect=ALL-UNNAMED --add-opens=java.base/java.io=ALL-UNNAMED --add-opens=java.base/java.net=ALL-UNNAMED --add-opens=java.base/java.nio=ALL-UNNAMED --add-opens=java.base/java.util=ALL-UNNAMED --add-opens=java.base/java.util.concurrent=ALL-UNNAMED --add-opens=java.base/java.util.concurrent.atomic=ALL-UNNAMED --add-opens=java.base/jdk.internal.ref=ALL-UNNAMED --add-opens=java.base/sun.nio.ch=ALL-UNNAMED --add-opens=java.base/sun.nio.cs=ALL-UNNAMED --add-opens=java.base/sun.security.action=ALL-UNNAMED --add-opens=java.base/sun.util.calendar=ALL-UNNAMED --add-opens=java.security.jgss/sun.security.krb5=ALL-UNNAMED -Dio.netty.tryReflectionSetAccessible=true -Dio.netty.allocator.type=pooled -Dio.netty.handler.ssl.defaultEndpointVerificationAlgorithm=NONE --sun-misc-unsafe-memory-access=allow --enable-native-access=ALL-UNNAMED -Dderby.connection.requireAuthentication=false org.apache.spark.deploy.SparkSubmit --conf spark.sql.execution.arrow.pyspark.enabled=true --conf spark.master=local[*] --conf spark.driver.memory=4g --conf spark.python.worker.faulthandler.enabled=true --conf spark.executor.extraClassPath=C:\Users\MY-PC\cleaning_task\jars\postgresql-42.7.4.jar --conf spark.python.authenticate.socketTimeout=120 --conf spark.driver.extraClassPath=C:\Users\MY-PC\cleaning_task\jars\postgresql-42.7.4.jar --conf spark.app.name=transaction-cleaning --conf spark.sql.shuffle.partitions=8 --conf spark.sql.ui.retainedExecutions=20 --conf spark.ui.retainedTasks=200 --conf spark.sql.session.timeZone=UTC --conf spark.sql.ansi.enabled=false --conf spark.sql.legacy.timeParserPolicy=CORRECTED --conf spark.sql.execution.arrow.pyspark.fallback.enabled=true --conf spark.ui.retainedStages=20 --conf spark.ui.enabled=false --conf spark.ui.retainedJobs=20 pyspark-shell

Host: AMD Ryzen 7 5800H with Radeon Graphics         , 16 cores, 15G,  Windows 11 , 64 bit Build 26100 (10.0.26100.9168)
Time: Wed Aug 26 01:17:49 2026 Middle East Daylight Time elapsed time: 275.184598 seconds (0d 0h 4m 35s)

---------------  T H R E A D  ---------------

Current thread (0x0000020f94139130):  JavaThread "C2 CompilerThread0" daemon [_thread_in_native, id=17824, stack(0x00000093f4600000,0x00000093f4700000) (1024K)]


Current CompileTask:
C2: 275184 18184   !   4       java.io.BufferedInputStream::read (69 bytes)

Stack: [0x00000093f4600000,0x00000093f4700000]
Native frames: (J=compiled Java code, j=interpreted, Vv=VM code, C=native code)
V  [jvm.dll+0x6cade9]
V  [jvm.dll+0x8569c1]
V  [jvm.dll+0x858d2e]
V  [jvm.dll+0x859413]
V  [jvm.dll+0x280e56]
V  [jvm.dll+0xc3f3d]
V  [jvm.dll+0xc4473]
V  [jvm.dll+0x3b5c2c]
V  [jvm.dll+0x382855]
V  [jvm.dll+0x381cca]
V  [jvm.dll+0x249bd0]
V  [jvm.dll+0x2491b1]
V  [jvm.dll+0x1c9634]
V  [jvm.dll+0x258859]
V  [jvm.dll+0x256e3a]
V  [jvm.dll+0x3ef6c6]
V  [jvm.dll+0x7ff568]
V  [jvm.dll+0x6c953d]
C  [ucrtbase.dll+0x2cd30]
C  [KERNEL32.DLL+0x2ccb7]
C  [ntdll.dll+0xaad6c]


---------------  P R O C E S S  ---------------

Threads class SMR info:
_java_thread_list=0x0000020f9ef22c20, length=93, elements={
0x0000020f2d15aba0, 0x0000020f9411e130, 0x0000020f4e549ae0, 0x0000020f4e54d2c0,
0x0000020f4e54e1b0, 0x0000020f9411faf0, 0x0000020f94124450, 0x0000020f94139130,
0x0000020f9413c400, 0x0000020f9436b630, 0x0000020f943d4e00, 0x0000020f95c0fcf0,
0x0000020f95c1bf70, 0x0000020f96342010, 0x0000020f96601bc0, 0x0000020f96749840,
0x0000020f9674aec0, 0x0000020f9627f3e0, 0x0000020f941ec070, 0x0000020f941ec700,
0x0000020f941edab0, 0x0000020f941ecd90, 0x0000020f941ef4f0, 0x0000020f941ed420,
0x0000020f941ee140, 0x0000020f941ee7d0, 0x0000020f941eee60, 0x0000020f96267f20,
0x0000020f96265e50, 0x0000020f962664e0, 0x0000020f96266b70, 0x0000020f962685b0,
0x0000020f96267200, 0x0000020f96265130, 0x0000020f96267890, 0x0000020f96268c40,
0x0000020f962657c0, 0x0000020f9626a680, 0x0000020f96269960, 0x0000020f9626b3a0,
0x0000020f96269ff0, 0x0000020f9626c0c0, 0x0000020f9626ad10, 0x0000020f9626ba30,
0x0000020f9626c750, 0x0000020f962692d0, 0x0000020f9794d5a0, 0x0000020f9794b4d0,
0x0000020f9794a7b0, 0x0000020f9794a120, 0x0000020f9794c1f0, 0x0000020f9794dc30,
0x0000020f9794e2c0, 0x0000020f9794c880, 0x0000020f9794bb60, 0x0000020f9794cf10,
0x0000020f9794efe0, 0x0000020f9f46b280, 0x0000020f9f46e070, 0x0000020f9f46f420,
0x0000020f9f292840, 0x0000020f9ecc1420, 0x0000020f9ecc1ab0, 0x0000020f9ecc2140,
0x0000020f9ecc27d0, 0x0000020f9ecc3ac0, 0x0000020f9ecc6220, 0x0000020f9ecc4150,
0x0000020f9eb9c200, 0x0000020f9eee97b0, 0x0000020f9eee9120, 0x0000020f9eee9e40,
0x0000020f9eeea4d0, 0x0000020f9f15ec90, 0x0000020f9f9d7720, 0x0000020f9f9d7db0,
0x0000020f9f8a12e0, 0x0000020f9f15f320, 0x0000020f9f902f60, 0x0000020f9fc2f8f0,
0x0000020f9f901c70, 0x0000020f9f900f50, 0x0000020f9ec11f00, 0x0000020f9e773520,
0x0000020f9ea00980, 0x0000020f9ec10c10, 0x0000020f9f294280, 0x0000020f9f9035f0,
0x0000020f9ecc47e0, 0x0000020f97eb3cc0, 0x0000020f9e9ffc60, 0x0000020f9fc30610,
0x0000020f9f8a05c0
}

Java Threads: ( => current thread )
  0x0000020f2d15aba0 JavaThread "main"                              [_thread_in_native, id=2928, stack(0x00000093f3800000,0x00000093f3900000) (1024K)]
  0x0000020f9411e130 JavaThread "Reference Handler"          daemon [_thread_blocked, id=45344, stack(0x00000093f4000000,0x00000093f4100000) (1024K)]
  0x0000020f4e549ae0 JavaThread "Finalizer"                  daemon [_thread_blocked, id=34984, stack(0x00000093f4100000,0x00000093f4200000) (1024K)]
  0x0000020f4e54d2c0 JavaThread "Signal Dispatcher"          daemon [_thread_blocked, id=46412, stack(0x00000093f4200000,0x00000093f4300000) (1024K)]
  0x0000020f4e54e1b0 JavaThread "Attach Listener"            daemon [_thread_blocked, id=34932, stack(0x00000093f4300000,0x00000093f4400000) (1024K)]
  0x0000020f9411faf0 JavaThread "Service Thread"             daemon [_thread_blocked, id=14840, stack(0x00000093f4400000,0x00000093f4500000) (1024K)]
  0x0000020f94124450 JavaThread "Monitor Deflation Thread"   daemon [_thread_blocked, id=36368, stack(0x00000093f4500000,0x00000093f4600000) (1024K)]
=>0x0000020f94139130 JavaThread "C2 CompilerThread0"         daemon [_thread_in_native, id=17824, stack(0x00000093f4600000,0x00000093f4700000) (1024K)]
  0x0000020f9413c400 JavaThread "C1 CompilerThread0"         daemon [_thread_blocked, id=32488, stack(0x00000093f4700000,0x00000093f4800000) (1024K)]
  0x0000020f9436b630 JavaThread "Common-Cleaner"             daemon [_thread_blocked, id=37016, stack(0x00000093f4800000,0x00000093f4900000) (1024K)]
  0x0000020f943d4e00 JavaThread "Notification Thread"        daemon [_thread_blocked, id=12164, stack(0x00000093f4900000,0x00000093f4a00000) (1024K)]
  0x0000020f95c0fcf0 JavaThread "Thread-1"                          [_thread_in_native, id=43980, stack(0x00000093f5900000,0x00000093f5a00000) (1024K)]
  0x0000020f95c1bf70 JavaThread "Thread-2"                          [_thread_blocked, id=33072, stack(0x00000093f5a00000,0x00000093f5b00000) (1024K)]
  0x0000020f96342010 JavaThread "Thread-3"                          [_thread_in_native, id=45436, stack(0x00000093f5b00000,0x00000093f5c00000) (1024K)]
  0x0000020f96601bc0 JavaThread "rpc-boss-3-1"               daemon [_thread_in_native, id=13396, stack(0x00000093f5c00000,0x00000093f5d00000) (1024K)]
  0x0000020f96749840 JavaThread "dispatcher-event-loop-0"    daemon [_thread_blocked, id=19228, stack(0x00000093f5d00000,0x00000093f5e00000) (1024K)]
  0x0000020f9674aec0 JavaThread "dispatcher-event-loop-1"    daemon [_thread_blocked, id=11384, stack(0x00000093f5e00000,0x00000093f5f00000) (1024K)]
  0x0000020f9627f3e0 JavaThread "dispatcher-event-loop-2"    daemon [_thread_blocked, id=30276, stack(0x00000093f5f00000,0x00000093f6000000) (1024K)]
  0x0000020f941ec070 JavaThread "dispatcher-event-loop-3"    daemon [_thread_blocked, id=18204, stack(0x00000093f6000000,0x00000093f6100000) (1024K)]
  0x0000020f941ec700 JavaThread "dispatcher-event-loop-4"    daemon [_thread_blocked, id=29828, stack(0x00000093f6100000,0x00000093f6200000) (1024K)]
  0x0000020f941edab0 JavaThread "dispatcher-event-loop-5"    daemon [_thread_blocked, id=19884, stack(0x00000093f6200000,0x00000093f6300000) (1024K)]
  0x0000020f941ecd90 JavaThread "dispatcher-event-loop-6"    daemon [_thread_blocked, id=41280, stack(0x00000093f6300000,0x00000093f6400000) (1024K)]
  0x0000020f941ef4f0 JavaThread "dispatcher-event-loop-7"    daemon [_thread_blocked, id=18384, stack(0x00000093f6400000,0x00000093f6500000) (1024K)]
  0x0000020f941ed420 JavaThread "dispatcher-event-loop-8"    daemon [_thread_blocked, id=34172, stack(0x00000093f6500000,0x00000093f6600000) (1024K)]
  0x0000020f941ee140 JavaThread "dispatcher-event-loop-9"    daemon [_thread_blocked, id=28936, stack(0x00000093f6600000,0x00000093f6700000) (1024K)]
  0x0000020f941ee7d0 JavaThread "dispatcher-event-loop-10"   daemon [_thread_blocked, id=43648, stack(0x00000093f6700000,0x00000093f6800000) (1024K)]
  0x0000020f941eee60 JavaThread "dispatcher-event-loop-11"   daemon [_thread_blocked, id=48116, stack(0x00000093f6800000,0x00000093f6900000) (1024K)]
  0x0000020f96267f20 JavaThread "dispatcher-event-loop-12"   daemon [_thread_blocked, id=25316, stack(0x00000093f6900000,0x00000093f6a00000) (1024K)]
  0x0000020f96265e50 JavaThread "dispatcher-event-loop-13"   daemon [_thread_blocked, id=36260, stack(0x00000093f6a00000,0x00000093f6b00000) (1024K)]
  0x0000020f962664e0 JavaThread "dispatcher-event-loop-14"   daemon [_thread_blocked, id=46864, stack(0x00000093f6b00000,0x00000093f6c00000) (1024K)]
  0x0000020f96266b70 JavaThread "dispatcher-event-loop-15"   daemon [_thread_blocked, id=2544, stack(0x00000093f6c00000,0x00000093f6d00000) (1024K)]
  0x0000020f962685b0 JavaThread "map-output-dispatcher-0"    daemon [_thread_blocked, id=13412, stack(0x00000093f6d00000,0x00000093f6e00000) (1024K)]
  0x0000020f96267200 JavaThread "map-output-dispatcher-1"    daemon [_thread_blocked, id=12780, stack(0x00000093f6e00000,0x00000093f6f00000) (1024K)]
  0x0000020f96265130 JavaThread "map-output-dispatcher-2"    daemon [_thread_blocked, id=30588, stack(0x00000093f6f00000,0x00000093f7000000) (1024K)]
  0x0000020f96267890 JavaThread "map-output-dispatcher-3"    daemon [_thread_blocked, id=39196, stack(0x00000093f7000000,0x00000093f7100000) (1024K)]
  0x0000020f96268c40 JavaThread "map-output-dispatcher-4"    daemon [_thread_blocked, id=34452, stack(0x00000093f7100000,0x00000093f7200000) (1024K)]
  0x0000020f962657c0 JavaThread "map-output-dispatcher-5"    daemon [_thread_blocked, id=35636, stack(0x00000093f7200000,0x00000093f7300000) (1024K)]
  0x0000020f9626a680 JavaThread "map-output-dispatcher-6"    daemon [_thread_blocked, id=37544, stack(0x00000093f7300000,0x00000093f7400000) (1024K)]
  0x0000020f96269960 JavaThread "map-output-dispatcher-7"    daemon [_thread_blocked, id=48576, stack(0x00000093f7400000,0x00000093f7500000) (1024K)]
  0x0000020f9626b3a0 JavaThread "dispatcher-BlockManagerMaster" daemon [_thread_blocked, id=43636, stack(0x00000093f7500000,0x00000093f7600000) (1024K)]
  0x0000020f96269ff0 JavaThread "dispatcher-BlockManagerEndpoint1" daemon [_thread_blocked, id=47552, stack(0x00000093f7600000,0x00000093f7700000) (1024K)]
  0x0000020f9626c0c0 JavaThread "RemoteBlock-temp-file-clean-thread" daemon [_thread_blocked, id=45832, stack(0x00000093f7700000,0x00000093f7800000) (1024K)]
  0x0000020f9626ad10 JavaThread "refresh progress"           daemon [_thread_blocked, id=29396, stack(0x00000093f7800000,0x00000093f7900000) (1024K)]
  0x0000020f9626ba30 JavaThread "dispatcher-HeartbeatReceiver" daemon [_thread_blocked, id=24252, stack(0x00000093f7900000,0x00000093f7a00000) (1024K)]
  0x0000020f9626c750 JavaThread "heartbeat-receiver-event-loop-thread" daemon [_thread_blocked, id=47244, stack(0x00000093f7a00000,0x00000093f7b00000) (1024K)]
  0x0000020f962692d0 JavaThread "netty-rpc-env-timeout"      daemon [_thread_blocked, id=28260, stack(0x00000093f7b00000,0x00000093f7c00000) (1024K)]
  0x0000020f9794d5a0 JavaThread "dag-scheduler-event-loop"   daemon [_thread_blocked, id=39292, stack(0x00000093f7c00000,0x00000093f7d00000) (1024K)]
  0x0000020f9794b4d0 JavaThread "driver-heartbeater"         daemon [_thread_blocked, id=3668, stack(0x00000093f7d00000,0x00000093f7e00000) (1024K)]
  0x0000020f9794a7b0 JavaThread "executor-kill-mark-cleanup" daemon [_thread_blocked, id=44836, stack(0x00000093f7e00000,0x00000093f7f00000) (1024K)]
  0x0000020f9794a120 JavaThread "executor-heartbeater"       daemon [_thread_blocked, id=18932, stack(0x00000093f7f00000,0x00000093f8000000) (1024K)]
  0x0000020f9794c1f0 JavaThread "shuffle-boss-6-1"           daemon [_thread_in_native, id=46076, stack(0x00000093f8000000,0x00000093f8100000) (1024K)]
  0x0000020f9794dc30 JavaThread "Spark Context Cleaner"      daemon [_thread_blocked, id=13108, stack(0x00000093f8100000,0x00000093f8200000) (1024K)]
  0x0000020f9794e2c0 JavaThread "context-cleaner-periodic-gc" daemon [_thread_blocked, id=26312, stack(0x00000093f8200000,0x00000093f8300000) (1024K)]
  0x0000020f9794c880 JavaThread "spark-listener-group-appStatus" daemon [_thread_blocked, id=13480, stack(0x00000093f8300000,0x00000093f8400000) (1024K)]
  0x0000020f9794bb60 JavaThread "spark-listener-group-executorManagement" daemon [_thread_blocked, id=23444, stack(0x00000093f8400000,0x00000093f8500000) (1024K)]
  0x0000020f9794cf10 JavaThread "element-tracking-store-worker" daemon [_thread_blocked, id=33048, stack(0x00000093f8500000,0x00000093f8600000) (1024K)]
  0x0000020f9794efe0 JavaThread "org.apache.hadoop.fs.FileSystem$Statistics$StatisticsDataReferenceCleaner" daemon [_thread_blocked, id=8768, stack(0x00000093f8900000,0x00000093f8a00000) (1024K)]
  0x0000020f9f46b280 JavaThread "Cleaner-0"                  daemon [_thread_blocked, id=39420, stack(0x00000093f3500000,0x00000093f3600000) (1024K)]
  0x0000020f9f46e070 JavaThread "broadcast-exchange-5"       daemon [_thread_blocked, id=43300, stack(0x00000093f8c00000,0x00000093f8d00000) (1024K)]
  0x0000020f9f46f420 JavaThread "broadcast-exchange-7"       daemon [_thread_blocked, id=13248, stack(0x00000093f8d00000,0x00000093f8e00000) (1024K)]
  0x0000020f9f292840 JavaThread "broadcast-exchange-8"       daemon [_thread_blocked, id=32616, stack(0x00000093f9200000,0x00000093f9300000) (1024K)]
  0x0000020f9ecc1420 JavaThread "Executor task launch worker for task 12.0 in stage 2.0 (TID 44)" daemon [_thread_blocked, id=40388, stack(0x00000093f9900000,0x00000093f9a00000) (1024K)]
  0x0000020f9ecc1ab0 JavaThread "Executor task launch worker for task 4.0 in stage 2.0 (TID 36)" daemon [_thread_blocked, id=34100, stack(0x00000093f9a00000,0x00000093f9b00000) (1024K)]
  0x0000020f9ecc2140 JavaThread "Executor task launch worker for task 8.0 in stage 2.0 (TID 40)" daemon [_thread_blocked, id=48516, stack(0x00000093f9b00000,0x00000093f9c00000) (1024K)]
  0x0000020f9ecc27d0 JavaThread "Executor task launch worker for task 13.0 in stage 2.0 (TID 45)" daemon [_thread_blocked, id=40792, stack(0x00000093f9c00000,0x00000093f9d00000) (1024K)]
  0x0000020f9ecc3ac0 JavaThread "Executor task launch worker for task 11.0 in stage 2.0 (TID 43)" daemon [_thread_blocked, id=48288, stack(0x00000093f9d00000,0x00000093f9e00000) (1024K)]
  0x0000020f9ecc6220 JavaThread "Executor task launch worker for task 6.0 in stage 2.0 (TID 38)" daemon [_thread_blocked, id=34212, stack(0x00000093f9e00000,0x00000093f9f00000) (1024K)]
  0x0000020f9ecc4150 JavaThread "Executor task launch worker for task 2.0 in stage 2.0 (TID 34)" daemon [_thread_blocked, id=26980, stack(0x00000093f9f00000,0x00000093fa000000) (1024K)]
  0x0000020f9eb9c200 JavaThread "Executor task launch worker for task 5.0 in stage 2.0 (TID 37)" daemon [_thread_blocked, id=48364, stack(0x00000093fa000000,0x00000093fa100000) (1024K)]
  0x0000020f9eee97b0 JavaThread "Executor task launch worker for task 9.0 in stage 2.0 (TID 41)" daemon [_thread_blocked, id=42064, stack(0x00000093fa100000,0x00000093fa200000) (1024K)]
  0x0000020f9eee9120 JavaThread "Executor task launch worker for task 3.0 in stage 2.0 (TID 35)" daemon [_thread_blocked, id=23868, stack(0x00000093fa200000,0x00000093fa300000) (1024K)]
  0x0000020f9eee9e40 JavaThread "Executor task launch worker for task 14.0 in stage 2.0 (TID 46)" daemon [_thread_blocked, id=3472, stack(0x00000093fa300000,0x00000093fa400000) (1024K)]
  0x0000020f9eeea4d0 JavaThread "Executor task launch worker for task 10.0 in stage 2.0 (TID 42)" daemon [_thread_blocked, id=37872, stack(0x00000093fa400000,0x00000093fa500000) (1024K)]
  0x0000020f9f15ec90 JavaThread "Executor task launch worker for task 15.0 in stage 2.0 (TID 47)" daemon [_thread_blocked, id=6656, stack(0x00000093fa500000,0x00000093fa600000) (1024K)]
  0x0000020f9f9d7720 JavaThread "Executor task launch worker for task 1.0 in stage 2.0 (TID 33)" daemon [_thread_in_vm, id=41832, stack(0x00000093fa600000,0x00000093fa700000) (1024K)]
  0x0000020f9f9d7db0 JavaThread "Executor task launch worker for task 7.0 in stage 2.0 (TID 39)" daemon [_thread_in_native, id=33944, stack(0x00000093fa700000,0x00000093fa800000) (1024K)]
  0x0000020f9f8a12e0 JavaThread "Executor task launch worker for task 0.0 in stage 2.0 (TID 32)" daemon [_thread_blocked, id=35744, stack(0x00000093fa900000,0x00000093faa00000) (1024K)]
  0x0000020f9f15f320 JavaThread "Idle Worker Monitor for C:\Users\MY-PC\cleaning_task\.venv\Scripts\python.exe" daemon [_thread_blocked, id=39048, stack(0x00000093faa00000,0x00000093fab00000) (1024K)]
  0x0000020f9f902f60 JavaThread "task-result-getter-0"       daemon [_thread_blocked, id=19184, stack(0x00000093f4e00000,0x00000093f4f00000) (1024K)]
  0x0000020f9fc2f8f0 JavaThread "task-result-getter-1"       daemon [_thread_blocked, id=31272, stack(0x00000093f8600000,0x00000093f8700000) (1024K)]
  0x0000020f9f901c70 JavaThread "task-result-getter-2"       daemon [_thread_blocked, id=19092, stack(0x00000093f8700000,0x00000093f8800000) (1024K)]
  0x0000020f9f900f50 JavaThread "task-result-getter-3"       daemon [_thread_blocked, id=27348, stack(0x00000093f8a00000,0x00000093f8b00000) (1024K)]
  0x0000020f9ec11f00 JavaThread "Worker Monitor for C:\Users\MY-PC\cleaning_task\.venv\Scripts\python.exe" daemon [_thread_blocked, id=5388, stack(0x00000093f3700000,0x00000093f3800000) (1024K)]
  0x0000020f9e773520 JavaThread "Worker Monitor for C:\Users\MY-PC\cleaning_task\.venv\Scripts\python.exe" daemon [_thread_blocked, id=47924, stack(0x00000093f8f00000,0x00000093f9000000) (1024K)]
  0x0000020f9ea00980 JavaThread "Worker Monitor for C:\Users\MY-PC\cleaning_task\.venv\Scripts\python.exe" daemon [_thread_blocked, id=31344, stack(0x00000093f8800000,0x00000093f8900000) (1024K)]
  0x0000020f9ec10c10 JavaThread "Worker Monitor for C:\Users\MY-PC\cleaning_task\.venv\Scripts\python.exe" daemon [_thread_blocked, id=37368, stack(0x00000093f9000000,0x00000093f9100000) (1024K)]
  0x0000020f9f294280 JavaThread "Worker Monitor for C:\Users\MY-PC\cleaning_task\.venv\Scripts\python.exe" daemon [_thread_blocked, id=43128, stack(0x00000093f8b00000,0x00000093f8c00000) (1024K)]
  0x0000020f9f9035f0 JavaThread "Worker Monitor for C:\Users\MY-PC\cleaning_task\.venv\Scripts\python.exe" daemon [_thread_blocked, id=46604, stack(0x00000093f9100000,0x00000093f9200000) (1024K)]
  0x0000020f9ecc47e0 JavaThread "Worker Monitor for C:\Users\MY-PC\cleaning_task\.venv\Scripts\python.exe" daemon [_thread_blocked, id=39252, stack(0x00000093f9300000,0x00000093f9400000) (1024K)]
  0x0000020f97eb3cc0 JavaThread "Worker Monitor for C:\Users\MY-PC\cleaning_task\.venv\Scripts\python.exe" daemon [_thread_blocked, id=46764, stack(0x00000093f9400000,0x00000093f9500000) (1024K)]
  0x0000020f9e9ffc60 JavaThread "Worker Monitor for C:\Users\MY-PC\cleaning_task\.venv\Scripts\python.exe" daemon [_thread_blocked, id=25584, stack(0x00000093f9500000,0x00000093f9600000) (1024K)]
  0x0000020f9fc30610 JavaThread "Worker Monitor for C:\Users\MY-PC\cleaning_task\.venv\Scripts\python.exe" daemon [_thread_blocked, id=47260, stack(0x00000093f9600000,0x00000093f9700000) (1024K)]
  0x0000020f9f8a05c0 JavaThread "Worker Monitor for C:\Users\MY-PC\cleaning_task\.venv\Scripts\python.exe" daemon [_thread_blocked, id=41736, stack(0x00000093f9700000,0x00000093f9800000) (1024K)]
Total: 93

Other Threads:
  0x0000020f4e538520 VMThread "VM Thread"                           [id=47452, stack(0x00000093f3f00000,0x00000093f4000000) (1024K)]
  0x0000020f4e520ab0 WatcherThread "VM Periodic Task Thread"        [id=24836, stack(0x00000093f3e00000,0x00000093f3f00000) (1024K)]
  0x0000020f2d5ec300 WorkerThread "GC Thread#0"                     [id=14056, stack(0x00000093f3900000,0x00000093f3a00000) (1024K)]
  0x0000020f94cdf6e0 WorkerThread "GC Thread#1"                     [id=43812, stack(0x00000093f4a00000,0x00000093f4b00000) (1024K)]
  0x0000020f94491990 WorkerThread "GC Thread#2"                     [id=35516, stack(0x00000093f4b00000,0x00000093f4c00000) (1024K)]
  0x0000020f94491d30 WorkerThread "GC Thread#3"                     [id=23512, stack(0x00000093f4c00000,0x00000093f4d00000) (1024K)]
  0x0000020f944920d0 WorkerThread "GC Thread#4"                     [id=11540, stack(0x00000093f4d00000,0x00000093f4e00000) (1024K)]
  0x0000020f9460ce20 WorkerThread "GC Thread#5"                     [id=47868, stack(0x00000093f4f00000,0x00000093f5000000) (1024K)]
  0x0000020f9460d1c0 WorkerThread "GC Thread#6"                     [id=38216, stack(0x00000093f5000000,0x00000093f5100000) (1024K)]
  0x0000020f9460d900 WorkerThread "GC Thread#7"                     [id=46124, stack(0x00000093f5100000,0x00000093f5200000) (1024K)]
  0x0000020f9460d560 WorkerThread "GC Thread#8"                     [id=47688, stack(0x00000093f5200000,0x00000093f5300000) (1024K)]
  0x0000020f9460c6e0 WorkerThread "GC Thread#9"                     [id=28876, stack(0x00000093f5300000,0x00000093f5400000) (1024K)]
  0x0000020f9460dca0 WorkerThread "GC Thread#10"                    [id=42324, stack(0x00000093f5400000,0x00000093f5500000) (1024K)]
  0x0000020f95c5b030 WorkerThread "GC Thread#11"                    [id=3580, stack(0x00000093f5500000,0x00000093f5600000) (1024K)]
  0x0000020f95c5beb0 WorkerThread "GC Thread#12"                    [id=22532, stack(0x00000093f5600000,0x00000093f5700000) (1024K)]
  0x0000020f2d5fddb0 ConcurrentGCThread "G1 Main Marker"            [id=26740, stack(0x00000093f3a00000,0x00000093f3b00000) (1024K)]
  0x0000020f2d5feed0 WorkerThread "G1 Conc#0"                       [id=33476, stack(0x00000093f3b00000,0x00000093f3c00000) (1024K)]
  0x0000020f95c5ac90 WorkerThread "G1 Conc#1"                       [id=14360, stack(0x00000093f5700000,0x00000093f5800000) (1024K)]
  0x0000020f95c5cd30 WorkerThread "G1 Conc#2"                       [id=45300, stack(0x00000093f5800000,0x00000093f5900000) (1024K)]
  0x0000020f4e3eda60 ConcurrentGCThread "G1 Refine#0"               [id=14736, stack(0x00000093f3c00000,0x00000093f3d00000) (1024K)]
  0x0000020f4e3ee380 ConcurrentGCThread "G1 Service"                [id=41716, stack(0x00000093f3d00000,0x00000093f3e00000) (1024K)]
Total: 21

Threads with active compile tasks:
C2 CompilerThread0   275299 18184   !   4       java.io.BufferedInputStream::read (69 bytes)
Total: 1

VM state: not at safepoint (normal execution)

VM Mutex/Monitor currently owned by a thread: None

Heap address: 0x0000000700000000, size: 4096 MB, Compressed Oops mode: Zero based, Oop shift amount: 3

CDS archive(s) mapped at: [0x0000020f4f000000-0x0000020f4fc90000-0x0000020f4fc90000), size 13172736, SharedBaseAddress: 0x0000020f4f000000, ArchiveRelocationMode: 1.
Compressed class space mapped at: 0x0000020f50000000-0x0000020f90000000, reserved size: 1073741824
Narrow klass base: 0x0000020f4f000000, Narrow klass shift: 0, Narrow klass range: 0x100000000

GC Precious Log:
 CardTable entry size: 512
 Card Set container configuration: InlinePtr #cards 4 size 8 Array Of Cards #cards 16 size 48 Howl #buckets 8 coarsen threshold 3686 Howl Bitmap #cards 512 size 80 coarsen threshold 460 Card regions per heap region 1 cards per card region 4096
 CPUs: 16 total, 16 available
 Memory: 15775M
 Large Page Support: Disabled
 NUMA Support: Disabled
 Compressed Oops: Enabled (Zero based)
 Heap Region Size: 2M
 Heap Min Capacity: 8M
 Heap Initial Capacity: 248M
 Heap Max Capacity: 4G
 Pre-touch: Disabled
 Parallel Workers: 13
 Concurrent Workers: 3
 Concurrent Refinement Workers: 13
 Periodic GC: Disabled

Heap:
 garbage-first heap   total 227328K, used 111223K [0x0000000700000000, 0x0000000800000000)
  region size 2048K, 11 young (22528K), 3 survivors (6144K)
 Metaspace       used 141764K, committed 145088K, reserved 1179648K
  class space    used 18468K, committed 19968K, reserved 1048576K

Heap Regions: E=young(eden), S=young(survivor), O=old, HS=humongous(starts), HC=humongous(continues), CS=collection set, F=free, TAMS=top-at-mark-start, PB=parsable bottom
|   0|0x0000000700000000, 0x0000000700200000, 0x0000000700200000|100%|HS|  |TAMS 0x0000000700000000| PB 0x0000000700000000| Complete 
|   1|0x0000000700200000, 0x0000000700400000, 0x0000000700400000|100%|HS|  |TAMS 0x0000000700200000| PB 0x0000000700200000| Complete 
|   2|0x0000000700400000, 0x0000000700600000, 0x0000000700600000|100%|HC|  |TAMS 0x0000000700400000| PB 0x0000000700400000| Complete 
|   3|0x0000000700600000, 0x0000000700800000, 0x0000000700800000|100%| O|  |TAMS 0x0000000700600000| PB 0x0000000700600000| Untracked 
|   4|0x0000000700800000, 0x0000000700a00000, 0x0000000700a00000|100%| O|  |TAMS 0x0000000700800000| PB 0x0000000700800000| Untracked 
|   5|0x0000000700a00000, 0x0000000700c00000, 0x0000000700c00000|100%| O|  |TAMS 0x0000000700a00000| PB 0x0000000700a00000| Untracked 
|   6|0x0000000700c00000, 0x0000000700e00000, 0x0000000700e00000|100%| O|  |TAMS 0x0000000700c00000| PB 0x0000000700c00000| Untracked 
|   7|0x0000000700e00000, 0x0000000701000000, 0x0000000701000000|100%| O|  |TAMS 0x0000000700e00000| PB 0x0000000700e00000| Untracked 
|   8|0x0000000701000000, 0x0000000701200000, 0x0000000701200000|100%| O|  |TAMS 0x0000000701000000| PB 0x0000000701000000| Untracked 
|   9|0x0000000701200000, 0x0000000701400000, 0x0000000701400000|100%| O|  |TAMS 0x0000000701200000| PB 0x0000000701200000| Untracked 
|  10|0x0000000701400000, 0x0000000701600000, 0x0000000701600000|100%| O|  |TAMS 0x0000000701400000| PB 0x0000000701400000| Untracked 
|  11|0x0000000701600000, 0x0000000701800000, 0x0000000701800000|100%| O|  |TAMS 0x0000000701600000| PB 0x0000000701600000| Untracked 
|  12|0x0000000701800000, 0x0000000701a00000, 0x0000000701a00000|100%| O|  |TAMS 0x0000000701800000| PB 0x0000000701800000| Untracked 
|  13|0x0000000701a00000, 0x0000000701c00000, 0x0000000701c00000|100%| O|  |TAMS 0x0000000701a00000| PB 0x0000000701a00000| Untracked 
|  14|0x0000000701c00000, 0x0000000701e00000, 0x0000000701e00000|100%| O|  |TAMS 0x0000000701c00000| PB 0x0000000701c00000| Untracked 
|  15|0x0000000701e00000, 0x0000000702000000, 0x0000000702000000|100%| O|  |TAMS 0x0000000701e00000| PB 0x0000000701e00000| Untracked 
|  16|0x0000000702000000, 0x0000000702200000, 0x0000000702200000|100%| O|  |TAMS 0x0000000702000000| PB 0x0000000702000000| Untracked 
|  17|0x0000000702200000, 0x0000000702400000, 0x0000000702400000|100%| O|  |TAMS 0x0000000702200000| PB 0x0000000702200000| Untracked 
|  18|0x0000000702400000, 0x0000000702600000, 0x0000000702600000|100%| O|  |TAMS 0x0000000702400000| PB 0x0000000702400000| Untracked 
|  19|0x0000000702600000, 0x0000000702800000, 0x0000000702800000|100%| O|  |TAMS 0x0000000702600000| PB 0x0000000702600000| Untracked 
|  20|0x0000000702800000, 0x0000000702a00000, 0x0000000702a00000|100%| O|  |TAMS 0x0000000702800000| PB 0x0000000702800000| Untracked 
|  21|0x0000000702a00000, 0x0000000702c00000, 0x0000000702c00000|100%| O|  |TAMS 0x0000000702a00000| PB 0x0000000702a00000| Untracked 
|  22|0x0000000702c00000, 0x0000000702e00000, 0x0000000702e00000|100%| O|  |TAMS 0x0000000702c00000| PB 0x0000000702c00000| Untracked 
|  23|0x0000000702e00000, 0x0000000703000000, 0x0000000703000000|100%| O|  |TAMS 0x0000000702e00000| PB 0x0000000702e00000| Untracked 
|  24|0x0000000703000000, 0x0000000703200000, 0x0000000703200000|100%| O|  |TAMS 0x0000000703000000| PB 0x0000000703000000| Untracked 
|  25|0x0000000703200000, 0x0000000703400000, 0x0000000703400000|100%| O|  |TAMS 0x0000000703200000| PB 0x0000000703200000| Untracked 
|  26|0x0000000703400000, 0x0000000703600000, 0x0000000703600000|100%| O|  |TAMS 0x0000000703400000| PB 0x0000000703400000| Untracked 
|  27|0x0000000703600000, 0x0000000703800000, 0x0000000703800000|100%| O|  |TAMS 0x0000000703600000| PB 0x0000000703600000| Untracked 
|  28|0x0000000703800000, 0x0000000703a00000, 0x0000000703a00000|100%| O|  |TAMS 0x0000000703800000| PB 0x0000000703800000| Untracked 
|  29|0x0000000703a00000, 0x0000000703c00000, 0x0000000703c00000|100%| O|  |TAMS 0x0000000703a00000| PB 0x0000000703a00000| Untracked 
|  30|0x0000000703c00000, 0x0000000703d81b80, 0x0000000703e00000| 75%| O|  |TAMS 0x0000000703c00000| PB 0x0000000703c00000| Untracked 
|  31|0x0000000703e00000, 0x0000000704000000, 0x0000000704000000|100%| O|  |TAMS 0x0000000703e00000| PB 0x0000000703e00000| Untracked 
|  32|0x0000000704000000, 0x0000000704200000, 0x0000000704200000|100%| O|  |TAMS 0x0000000704000000| PB 0x0000000704000000| Untracked 
|  33|0x0000000704200000, 0x0000000704400000, 0x0000000704400000|100%| O|Cm|TAMS 0x0000000704200000| PB 0x0000000704200000| Complete 
|  34|0x0000000704400000, 0x0000000704400000, 0x0000000704600000|  0%| F|  |TAMS 0x0000000704400000| PB 0x0000000704400000| Untracked 
|  35|0x0000000704600000, 0x0000000704600000, 0x0000000704800000|  0%| F|  |TAMS 0x0000000704600000| PB 0x0000000704600000| Untracked 
|  36|0x0000000704800000, 0x0000000704800000, 0x0000000704a00000|  0%| F|  |TAMS 0x0000000704800000| PB 0x0000000704800000| Untracked 
|  37|0x0000000704a00000, 0x0000000704c00000, 0x0000000704c00000|100%| O|  |TAMS 0x0000000704a00000| PB 0x0000000704a00000| Untracked 
|  38|0x0000000704c00000, 0x0000000704e00000, 0x0000000704e00000|100%|HS|  |TAMS 0x0000000704c00000| PB 0x0000000704c00000| Complete 
|  39|0x0000000704e00000, 0x0000000705000000, 0x0000000705000000|100%|HC|  |TAMS 0x0000000704e00000| PB 0x0000000704e00000| Complete 
|  40|0x0000000705000000, 0x0000000705200000, 0x0000000705200000|100%|HC|  |TAMS 0x0000000705000000| PB 0x0000000705000000| Complete 
|  41|0x0000000705200000, 0x0000000705400000, 0x0000000705400000|100%|HC|  |TAMS 0x0000000705200000| PB 0x0000000705200000| Complete 
|  42|0x0000000705400000, 0x0000000705400000, 0x0000000705600000|  0%| F|  |TAMS 0x0000000705400000| PB 0x0000000705400000| Untracked 
|  43|0x0000000705600000, 0x0000000705600000, 0x0000000705800000|  0%| F|  |TAMS 0x0000000705600000| PB 0x0000000705600000| Untracked 
|  44|0x0000000705800000, 0x0000000705800000, 0x0000000705a00000|  0%| F|  |TAMS 0x0000000705800000| PB 0x0000000705800000| Untracked 
|  45|0x0000000705a00000, 0x0000000705a00000, 0x0000000705c00000|  0%| F|  |TAMS 0x0000000705a00000| PB 0x0000000705a00000| Untracked 
|  46|0x0000000705c00000, 0x0000000705c00000, 0x0000000705e00000|  0%| F|  |TAMS 0x0000000705c00000| PB 0x0000000705c00000| Untracked 
|  47|0x0000000705e00000, 0x0000000705e00000, 0x0000000706000000|  0%| F|  |TAMS 0x0000000705e00000| PB 0x0000000705e00000| Untracked 
|  48|0x0000000706000000, 0x0000000706000000, 0x0000000706200000|  0%| F|  |TAMS 0x0000000706000000| PB 0x0000000706000000| Untracked 
|  49|0x0000000706200000, 0x0000000706200000, 0x0000000706400000|  0%| F|  |TAMS 0x0000000706200000| PB 0x0000000706200000| Untracked 
|  50|0x0000000706400000, 0x0000000706400000, 0x0000000706600000|  0%| F|  |TAMS 0x0000000706400000| PB 0x0000000706400000| Untracked 
|  51|0x0000000706600000, 0x0000000706600000, 0x0000000706800000|  0%| F|  |TAMS 0x0000000706600000| PB 0x0000000706600000| Untracked 
|  52|0x0000000706800000, 0x0000000706800000, 0x0000000706a00000|  0%| F|  |TAMS 0x0000000706800000| PB 0x0000000706800000| Untracked 
|  53|0x0000000706a00000, 0x0000000706a00000, 0x0000000706c00000|  0%| F|  |TAMS 0x0000000706a00000| PB 0x0000000706a00000| Untracked 
|  54|0x0000000706c00000, 0x0000000706c00000, 0x0000000706e00000|  0%| F|  |TAMS 0x0000000706c00000| PB 0x0000000706c00000| Untracked 
|  55|0x0000000706e00000, 0x0000000706e00000, 0x0000000707000000|  0%| F|  |TAMS 0x0000000706e00000| PB 0x0000000706e00000| Untracked 
|  56|0x0000000707000000, 0x0000000707000000, 0x0000000707200000|  0%| F|  |TAMS 0x0000000707000000| PB 0x0000000707000000| Untracked 
|  57|0x0000000707200000, 0x0000000707200000, 0x0000000707400000|  0%| F|  |TAMS 0x0000000707200000| PB 0x0000000707200000| Untracked 
|  58|0x0000000707400000, 0x0000000707400000, 0x0000000707600000|  0%| F|  |TAMS 0x0000000707400000| PB 0x0000000707400000| Untracked 
|  59|0x0000000707600000, 0x0000000707600000, 0x0000000707800000|  0%| F|  |TAMS 0x0000000707600000| PB 0x0000000707600000| Untracked 
|  60|0x0000000707800000, 0x0000000707800000, 0x0000000707a00000|  0%| F|  |TAMS 0x0000000707800000| PB 0x0000000707800000| Untracked 
|  61|0x0000000707a00000, 0x0000000707a00000, 0x0000000707c00000|  0%| F|  |TAMS 0x0000000707a00000| PB 0x0000000707a00000| Untracked 
|  62|0x0000000707c00000, 0x0000000707c00000, 0x0000000707e00000|  0%| F|  |TAMS 0x0000000707c00000| PB 0x0000000707c00000| Untracked 
|  63|0x0000000707e00000, 0x0000000707e00000, 0x0000000708000000|  0%| F|  |TAMS 0x0000000707e00000| PB 0x0000000707e00000| Untracked 
|  64|0x0000000708000000, 0x0000000708000000, 0x0000000708200000|  0%| F|  |TAMS 0x0000000708000000| PB 0x0000000708000000| Untracked 
|  65|0x0000000708200000, 0x0000000708200000, 0x0000000708400000|  0%| F|  |TAMS 0x0000000708200000| PB 0x0000000708200000| Untracked 
|  66|0x0000000708400000, 0x0000000708400000, 0x0000000708600000|  0%| F|  |TAMS 0x0000000708400000| PB 0x0000000708400000| Untracked 
|  67|0x0000000708600000, 0x0000000708600000, 0x0000000708800000|  0%| F|  |TAMS 0x0000000708600000| PB 0x0000000708600000| Untracked 
|  68|0x0000000708800000, 0x0000000708800000, 0x0000000708a00000|  0%| F|  |TAMS 0x0000000708800000| PB 0x0000000708800000| Untracked 
|  69|0x0000000708a00000, 0x0000000708a00000, 0x0000000708c00000|  0%| F|  |TAMS 0x0000000708a00000| PB 0x0000000708a00000| Untracked 
|  70|0x0000000708c00000, 0x0000000708c00000, 0x0000000708e00000|  0%| F|  |TAMS 0x0000000708c00000| PB 0x0000000708c00000| Untracked 
|  71|0x0000000708e00000, 0x0000000708e00000, 0x0000000709000000|  0%| F|  |TAMS 0x0000000708e00000| PB 0x0000000708e00000| Untracked 
|  72|0x0000000709000000, 0x0000000709000000, 0x0000000709200000|  0%| F|  |TAMS 0x0000000709000000| PB 0x0000000709000000| Untracked 
|  73|0x0000000709200000, 0x0000000709200000, 0x0000000709400000|  0%| F|  |TAMS 0x0000000709200000| PB 0x0000000709200000| Untracked 
|  74|0x0000000709400000, 0x0000000709400000, 0x0000000709600000|  0%| F|  |TAMS 0x0000000709400000| PB 0x0000000709400000| Untracked 
|  75|0x0000000709600000, 0x0000000709600000, 0x0000000709800000|  0%| F|  |TAMS 0x0000000709600000| PB 0x0000000709600000| Untracked 
|  76|0x0000000709800000, 0x0000000709800000, 0x0000000709a00000|  0%| F|  |TAMS 0x0000000709800000| PB 0x0000000709800000| Untracked 
|  77|0x0000000709a00000, 0x0000000709a00000, 0x0000000709c00000|  0%| F|  |TAMS 0x0000000709a00000| PB 0x0000000709a00000| Untracked 
|  78|0x0000000709c00000, 0x0000000709c00000, 0x0000000709e00000|  0%| F|  |TAMS 0x0000000709c00000| PB 0x0000000709c00000| Untracked 
|  79|0x0000000709e00000, 0x0000000709e00000, 0x000000070a000000|  0%| F|  |TAMS 0x0000000709e00000| PB 0x0000000709e00000| Untracked 
|  80|0x000000070a000000, 0x000000070a000000, 0x000000070a200000|  0%| F|  |TAMS 0x000000070a000000| PB 0x000000070a000000| Untracked 
|  81|0x000000070a200000, 0x000000070a200000, 0x000000070a400000|  0%| F|  |TAMS 0x000000070a200000| PB 0x000000070a200000| Untracked 
|  82|0x000000070a400000, 0x000000070a400000, 0x000000070a600000|  0%| F|  |TAMS 0x000000070a400000| PB 0x000000070a400000| Untracked 
|  83|0x000000070a600000, 0x000000070a600000, 0x000000070a800000|  0%| F|  |TAMS 0x000000070a600000| PB 0x000000070a600000| Untracked 
|  84|0x000000070a800000, 0x000000070a800000, 0x000000070aa00000|  0%| F|  |TAMS 0x000000070a800000| PB 0x000000070a800000| Untracked 
|  85|0x000000070aa00000, 0x000000070aa00000, 0x000000070ac00000|  0%| F|  |TAMS 0x000000070aa00000| PB 0x000000070aa00000| Untracked 
|  86|0x000000070ac00000, 0x000000070ac00000, 0x000000070ae00000|  0%| F|  |TAMS 0x000000070ac00000| PB 0x000000070ac00000| Untracked 
|  87|0x000000070ae00000, 0x000000070ae00000, 0x000000070b000000|  0%| F|  |TAMS 0x000000070ae00000| PB 0x000000070ae00000| Untracked 
|  88|0x000000070b000000, 0x000000070b000000, 0x000000070b200000|  0%| F|  |TAMS 0x000000070b000000| PB 0x000000070b000000| Untracked 
|  89|0x000000070b200000, 0x000000070b200000, 0x000000070b400000|  0%| F|  |TAMS 0x000000070b200000| PB 0x000000070b200000| Untracked 
|  90|0x000000070b400000, 0x000000070b400000, 0x000000070b600000|  0%| F|  |TAMS 0x000000070b400000| PB 0x000000070b400000| Untracked 
|  91|0x000000070b600000, 0x000000070b600000, 0x000000070b800000|  0%| F|  |TAMS 0x000000070b600000| PB 0x000000070b600000| Untracked 
|  92|0x000000070b800000, 0x000000070b800000, 0x000000070ba00000|  0%| F|  |TAMS 0x000000070b800000| PB 0x000000070b800000| Untracked 
|  93|0x000000070ba00000, 0x000000070bc00000, 0x000000070bc00000|100%|HS|  |TAMS 0x000000070ba00000| PB 0x000000070ba00000| Complete 
|  94|0x000000070bc00000, 0x000000070be00000, 0x000000070be00000|100%|HC|  |TAMS 0x000000070bc00000| PB 0x000000070bc00000| Complete 
|  95|0x000000070be00000, 0x000000070c000000, 0x000000070c000000|100%|HC|  |TAMS 0x000000070be00000| PB 0x000000070be00000| Complete 
|  96|0x000000070c000000, 0x000000070c200000, 0x000000070c200000|100%|HC|  |TAMS 0x000000070c000000| PB 0x000000070c000000| Complete 
|  97|0x000000070c200000, 0x000000070c21fde8, 0x000000070c400000|  6%| E|  |TAMS 0x000000070c200000| PB 0x000000070c200000| Complete 
|  98|0x000000070c400000, 0x000000070c600000, 0x000000070c600000|100%| E|CS|TAMS 0x000000070c400000| PB 0x000000070c400000| Complete 
|  99|0x000000070c600000, 0x000000070c800000, 0x000000070c800000|100%| E|CS|TAMS 0x000000070c600000| PB 0x000000070c600000| Complete 
| 100|0x000000070c800000, 0x000000070ca00000, 0x000000070ca00000|100%| S|CS|TAMS 0x000000070c800000| PB 0x000000070c800000| Complete 
| 101|0x000000070ca00000, 0x000000070cc00000, 0x000000070cc00000|100%| S|CS|TAMS 0x000000070ca00000| PB 0x000000070ca00000| Complete 
| 102|0x000000070cc00000, 0x000000070cd1c1b8, 0x000000070ce00000| 55%| S|CS|TAMS 0x000000070cc00000| PB 0x000000070cc00000| Complete 
| 109|0x000000070da00000, 0x000000070dc00000, 0x000000070dc00000|100%| E|CS|TAMS 0x000000070da00000| PB 0x000000070da00000| Complete 
| 110|0x000000070dc00000, 0x000000070de00000, 0x000000070de00000|100%| E|CS|TAMS 0x000000070dc00000| PB 0x000000070dc00000| Complete 
| 111|0x000000070de00000, 0x000000070e000000, 0x000000070e000000|100%| E|  |TAMS 0x000000070de00000| PB 0x000000070de00000| Complete 
| 112|0x000000070e000000, 0x000000070e200000, 0x000000070e200000|100%| E|CS|TAMS 0x000000070e000000| PB 0x000000070e000000| Complete 
| 123|0x000000070f600000, 0x000000070f800000, 0x000000070f800000|100%| E|CS|TAMS 0x000000070f600000| PB 0x000000070f600000| Complete 
|2045|0x00000007ffa00000, 0x00000007ffc00000, 0x00000007ffc00000|100%| O|  |TAMS 0x00000007ffa00000| PB 0x00000007ffa00000| Untracked 
|2046|0x00000007ffc00000, 0x00000007ffe00000, 0x00000007ffe00000|100%| O|  |TAMS 0x00000007ffc00000| PB 0x00000007ffc00000| Untracked 
|2047|0x00000007ffe00000, 0x0000000800000000, 0x0000000800000000|100%| O|  |TAMS 0x00000007ffe00000| PB 0x00000007ffe00000| Untracked 

Card table byte_map: [0x0000020f47750000,0x0000020f47f50000] _byte_map_base: 0x0000020f43f50000

Marking Bits: (CMBitMap*) 0x0000020f2d5ec7b0
 Bits: [0x0000020f47f50000, 0x0000020f4bf50000)

Polling page: 0x0000020f2d2b0000

Metaspace:

Usage:
  Non-class:    120.41 MB used.
      Class:     18.04 MB used.
       Both:    138.44 MB used.

Virtual space:
  Non-class space:      128.00 MB reserved,     122.19 MB ( 95%) committed,  2 nodes.
      Class space:        1.00 GB reserved,      19.50 MB (  2%) committed,  1 nodes.
             Both:        1.12 GB reserved,     141.69 MB ( 12%) committed. 

Chunk freelists:
   Non-Class:  5.66 MB
       Class:  12.63 MB
        Both:  18.29 MB

MaxMetaspaceSize: unlimited
CompressedClassSpaceSize: 1.00 GB
Initial GC threshold: 21.00 MB
Current GC threshold: 235.75 MB
CDS: on
 - commit_granule_bytes: 65536.
 - commit_granule_words: 8192.
 - virtual_space_node_default_size: 8388608.
 - enlarge_chunks_in_place: 1.
 - use_allocation_guard: 0.


Internal statistics:

num_allocs_failed_limit: 18.
num_arena_births: 5330.
num_arena_deaths: 424.
num_vsnodes_births: 3.
num_vsnodes_deaths: 0.
num_space_committed: 2260.
num_space_uncommitted: 0.
num_chunks_returned_to_freelist: 644.
num_chunks_taken_from_freelist: 12056.
num_chunk_merges: 223.
num_chunk_splits: 7779.
num_chunks_enlarged: 4393.
num_inconsistent_stats: 0.

CodeHeap 'non-profiled nmethods': size=119168Kb used=8855Kb max_used=8855Kb free=110312Kb
 bounds [0x0000020f3eb40000, 0x0000020f3f3f0000, 0x0000020f45fa0000]
CodeHeap 'profiled nmethods': size=119104Kb used=29142Kb max_used=29707Kb free=89961Kb
 bounds [0x0000020f36fa0000, 0x0000020f38cb0000, 0x0000020f3e3f0000]
CodeHeap 'non-nmethods': size=7488Kb used=2163Kb max_used=3867Kb free=5324Kb
 bounds [0x0000020f3e3f0000, 0x0000020f3e800000, 0x0000020f3eb40000]
 total_blobs=16438 nmethods=15349 adapters=990
 compilation: enabled
              stopped_count=0, restarted_count=0
 full_count=0

Compilation events (20 events):
Event: 265.723 Thread 0x0000020f9413c400 18175       3       org.apache.spark.executor.ShuffleWriteMetrics::bytesWritten (8 bytes)
Event: 265.724 Thread 0x0000020f9413c400 nmethod 18175 0x0000020f3809df90 code [0x0000020f3809e140, 0x0000020f3809e308]
Event: 265.724 Thread 0x0000020f9413c400 18176       3       java.lang.invoke.LambdaForm$MH/0x0000020f5085cc00::linkToTargetMethod (14 bytes)
Event: 265.725 Thread 0x0000020f9413c400 nmethod 18176 0x0000020f3809d890 code [0x0000020f3809da60, 0x0000020f3809de90]
Event: 265.725 Thread 0x0000020f9413c400 18177       3       org.apache.spark.status.LiveStage::executorSummary (19 bytes)
Event: 265.729 Thread 0x0000020f9413c400 nmethod 18177 0x0000020f3809cc10 code [0x0000020f3809ce20, 0x0000020f3809d608]
Event: 265.729 Thread 0x0000020f9413c400 18178       3       org.apache.spark.status.LiveStage$$Lambda/0x0000020f512cbd00::<init> (15 bytes)
Event: 265.730 Thread 0x0000020f9413c400 nmethod 18178 0x0000020f3809c790 code [0x0000020f3809c940, 0x0000020f3809cb70]
Event: 265.730 Thread 0x0000020f9413c400 18179       3       org.apache.spark.util.collection.OpenHashMap$mcI$sp::_values (5 bytes)
Event: 265.730 Thread 0x0000020f9413c400 nmethod 18179 0x0000020f3809c410 code [0x0000020f3809c5a0, 0x0000020f3809c6d8]
Event: 265.735 Thread 0x0000020f94139130 nmethod 18173 0x0000020f3f3e4790 code [0x0000020f3f3e49c0, 0x0000020f3f3e4e68]
Event: 270.497 Thread 0x0000020f94139130 18180       4       scala.collection.AbstractIterable::iterableFactory (5 bytes)
Event: 270.498 Thread 0x0000020f94139130 nmethod 18180 0x0000020f3f3e5190 code [0x0000020f3f3e5320, 0x0000020f3f3e53b0]
Event: 271.053 Thread 0x0000020f94139130 18181       4       java.util.Collections$SingletonSet::contains (9 bytes)
Event: 271.056 Thread 0x0000020f94139130 nmethod 18181 0x0000020f3f3e5490 code [0x0000020f3f3e5620, 0x0000020f3f3e5870]
Event: 271.267 Thread 0x0000020f9413c400 18182       3       org.apache.spark.storage.BlockManager$RemoteBlockDownloadFileManager$$Lambda/0x0000020f5049f008::<init> (10 bytes)
Event: 271.268 Thread 0x0000020f9413c400 nmethod 18182 0x0000020f3809c010 code [0x0000020f3809c1c0, 0x0000020f3809c380]
Event: 272.442 Thread 0x0000020f9413c400 18183       1       java.lang.Thread::threadContainer (5 bytes)
Event: 272.443 Thread 0x0000020f9413c400 nmethod 18183 0x0000020f3f3e5990 code [0x0000020f3f3e5b20, 0x0000020f3f3e5bf0]
Event: 273.121 Thread 0x0000020f94139130 18184   !   4       java.io.BufferedInputStream::read (69 bytes)

GC Heap History (20 events):
Event: 70.838 GC heap before
{Heap before GC invocations=43 (full 0):
 garbage-first heap   total 141312K, used 126094K [0x0000000700000000, 0x0000000800000000)
  region size 2048K, 31 young (63488K), 3 survivors (6144K)
 Metaspace       used 116692K, committed 117568K, reserved 1179648K
  class space    used 14199K, committed 14592K, reserved 1048576K
}
Event: 70.849 GC heap after
{Heap after GC invocations=44 (full 0):
 garbage-first heap   total 141312K, used 68686K [0x0000000700000000, 0x0000000800000000)
  region size 2048K, 2 young (4096K), 2 survivors (4096K)
 Metaspace       used 116692K, committed 117568K, reserved 1179648K
  class space    used 14199K, committed 14592K, reserved 1048576K
}
Event: 71.326 GC heap before
{Heap before GC invocations=45 (full 0):
 garbage-first heap   total 141312K, used 126030K [0x0000000700000000, 0x0000000800000000)
  region size 2048K, 30 young (61440K), 2 survivors (4096K)
 Metaspace       used 116727K, committed 117568K, reserved 1179648K
  class space    used 14199K, committed 14592K, reserved 1048576K
}
Event: 71.333 GC heap after
{Heap after GC invocations=46 (full 0):
 garbage-first heap   total 141312K, used 68288K [0x0000000700000000, 0x0000000800000000)
  region size 2048K, 2 young (4096K), 2 survivors (4096K)
 Metaspace       used 116727K, committed 117568K, reserved 1179648K
  class space    used 14199K, committed 14592K, reserved 1048576K
}
Event: 73.670 GC heap before
{Heap before GC invocations=46 (full 0):
 garbage-first heap   total 141312K, used 125632K [0x0000000700000000, 0x0000000800000000)
  region size 2048K, 30 young (61440K), 2 survivors (4096K)
 Metaspace       used 122073K, committed 123008K, reserved 1179648K
  class space    used 14914K, committed 15360K, reserved 1048576K
}
Event: 73.682 GC heap after
{Heap after GC invocations=47 (full 0):
 garbage-first heap   total 169984K, used 68878K [0x0000000700000000, 0x0000000800000000)
  region size 2048K, 2 young (4096K), 2 survivors (4096K)
 Metaspace       used 122073K, committed 123008K, reserved 1179648K
  class space    used 14914K, committed 15360K, reserved 1048576K
}
Event: 74.737 GC heap before
{Heap before GC invocations=48 (full 0):
 garbage-first heap   total 169984K, used 150757K [0x0000000700000000, 0x0000000800000000)
  region size 2048K, 43 young (88064K), 2 survivors (4096K)
 Metaspace       used 124152K, committed 125184K, reserved 1179648K
  class space    used 15281K, committed 15744K, reserved 1048576K
}
Event: 74.750 GC heap after
{Heap after GC invocations=49 (full 0):
 garbage-first heap   total 169984K, used 71576K [0x0000000700000000, 0x0000000800000000)
  region size 2048K, 3 young (6144K), 3 survivors (6144K)
 Metaspace       used 124152K, committed 125184K, reserved 1179648K
  class space    used 15281K, committed 15744K, reserved 1048576K
}
Event: 76.639 GC heap before
{Heap before GC invocations=49 (full 0):
 garbage-first heap   total 169984K, used 151448K [0x0000000700000000, 0x0000000800000000)
  region size 2048K, 43 young (88064K), 3 survivors (6144K)
 Metaspace       used 129996K, committed 131456K, reserved 1179648K
  class space    used 16214K, committed 16896K, reserved 1048576K
}
Event: 76.661 GC heap after
{Heap after GC invocations=50 (full 0):
 garbage-first heap   total 169984K, used 75616K [0x0000000700000000, 0x0000000800000000)
  region size 2048K, 6 young (12288K), 6 survivors (12288K)
 Metaspace       used 129996K, committed 131456K, reserved 1179648K
  class space    used 16214K, committed 16896K, reserved 1048576K
}
Event: 78.835 GC heap before
{Heap before GC invocations=50 (full 0):
 garbage-first heap   total 169984K, used 98144K [0x0000000700000000, 0x0000000800000000)
  region size 2048K, 19 young (38912K), 6 survivors (12288K)
 Metaspace       used 131671K, committed 133184K, reserved 1179648K
  class space    used 16502K, committed 17216K, reserved 1048576K
}
Event: 78.857 GC heap after
{Heap after GC invocations=51 (full 0):
 garbage-first heap   total 169984K, used 75643K [0x0000000700000000, 0x0000000800000000)
  region size 2048K, 3 young (6144K), 3 survivors (6144K)
 Metaspace       used 131671K, committed 133184K, reserved 1179648K
  class space    used 16502K, committed 17216K, reserved 1048576K
}
Event: 81.715 GC heap before
{Heap before GC invocations=52 (full 0):
 garbage-first heap   total 169984K, used 167803K [0x0000000700000000, 0x0000000800000000)
  region size 2048K, 30 young (61440K), 3 survivors (6144K)
 Metaspace       used 137023K, committed 139776K, reserved 1179648K
  class space    used 17597K, committed 18816K, reserved 1048576K
}
Event: 81.733 GC heap after
{Heap after GC invocations=53 (full 0):
 garbage-first heap   total 180224K, used 79915K [0x0000000700000000, 0x0000000800000000)
  region size 2048K, 5 young (10240K), 5 survivors (10240K)
 Metaspace       used 137023K, committed 139776K, reserved 1179648K
  class space    used 17597K, committed 18816K, reserved 1048576K
}
Event: 138.521 GC heap before
{Heap before GC invocations=53 (full 0):
 garbage-first heap   total 192512K, used 188459K [0x0000000700000000, 0x0000000800000000)
  region size 2048K, 24 young (49152K), 5 survivors (10240K)
 Metaspace       used 140299K, committed 143360K, reserved 1179648K
  class space    used 18192K, committed 19584K, reserved 1048576K
}
Event: 138.569 GC heap after
{Heap after GC invocations=54 (full 0):
 garbage-first heap   total 206848K, used 114099K [0x0000000700000000, 0x0000000800000000)
  region size 2048K, 4 young (8192K), 4 survivors (8192K)
 Metaspace       used 140299K, committed 143360K, reserved 1179648K
  class space    used 18192K, committed 19584K, reserved 1048576K
}
Event: 139.249 GC heap before
{Heap before GC invocations=54 (full 0):
 garbage-first heap   total 206848K, used 130483K [0x0000000700000000, 0x0000000800000000)
  region size 2048K, 13 young (26624K), 4 survivors (8192K)
 Metaspace       used 141644K, committed 144768K, reserved 1179648K
  class space    used 18528K, committed 19968K, reserved 1048576K
}
Event: 139.274 GC heap after
{Heap after GC invocations=55 (full 0):
 garbage-first heap   total 206848K, used 81723K [0x0000000700000000, 0x0000000800000000)
  region size 2048K, 3 young (6144K), 3 survivors (6144K)
 Metaspace       used 141644K, committed 144768K, reserved 1179648K
  class space    used 18528K, committed 19968K, reserved 1048576K
}
Event: 214.036 GC heap before
{Heap before GC invocations=56 (full 0):
 garbage-first heap   total 221184K, used 218939K [0x0000000700000000, 0x0000000800000000)
  region size 2048K, 24 young (49152K), 3 survivors (6144K)
 Metaspace       used 141625K, committed 145024K, reserved 1179648K
  class space    used 18458K, committed 19968K, reserved 1048576K
}
Event: 214.109 GC heap after
{Heap after GC invocations=57 (full 0):
 garbage-first heap   total 227328K, used 98935K [0x0000000700000000, 0x0000000800000000)
  region size 2048K, 3 young (6144K), 3 survivors (6144K)
 Metaspace       used 141625K, committed 145024K, reserved 1179648K
  class space    used 18458K, committed 19968K, reserved 1048576K
}

Dll operation events (14 events):
Event: 0.027 Loaded shared library C:\Program Files\Java\jdk-21\bin\java.dll
Event: 0.105 Loaded shared library C:\Program Files\Java\jdk-21\bin\jsvml.dll
Event: 0.892 Loaded shared library C:\Program Files\Java\jdk-21\bin\net.dll
Event: 0.900 Loaded shared library C:\Program Files\Java\jdk-21\bin\nio.dll
Event: 0.914 Loaded shared library C:\Program Files\Java\jdk-21\bin\zip.dll
Event: 2.590 Loaded shared library C:\Program Files\Java\jdk-21\bin\jimage.dll
Event: 3.500 Loaded shared library C:\Program Files\Java\jdk-21\bin\management.dll
Event: 3.520 Loaded shared library C:\Program Files\Java\jdk-21\bin\management_ext.dll
Event: 9.929 Loaded shared library C:\Program Files\Java\jdk-21\bin\extnet.dll
Event: 11.351 Loaded shared library C:\hadoop\bin\hadoop.dll
Event: 11.476 Loaded shared library C:\Program Files\Java\jdk-21\bin\jaas.dll
Event: 12.269 Loaded shared library C:\Program Files\Java\jdk-21\bin\sunmscapi.dll
Event: 52.876 Loaded shared library C:\Program Files\Java\jdk-21\bin\verify.dll
Event: 78.808 Loaded shared library C:\Users\MY-PC\AppData\Local\Temp\liblz4-java-4121272574430266678.dll

Deoptimization events (20 events):
Event: 214.122 Thread 0x0000020f9436b630 Uncommon trap: trap_request=0xffffffde fr.pc=0x0000020f3ee15368 relative=0x0000000000000508
Event: 214.122 Thread 0x0000020f9436b630 Uncommon trap: reason=class_check action=maybe_recompile pc=0x0000020f3ee15368 method=jdk.internal.ref.PhantomCleanable.clean()V @ 12 c2
Event: 214.122 Thread 0x0000020f9436b630 DEOPT PACKING pc=0x0000020f3ee15368 sp=0x00000093f48fef10
Event: 214.123 Thread 0x0000020f9436b630 DEOPT UNPACKING pc=0x0000020f3e4446a2 sp=0x00000093f48feef0 mode 2
Event: 214.123 Thread 0x0000020f9436b630 Uncommon trap: trap_request=0xffffffde fr.pc=0x0000020f3ee15368 relative=0x0000000000000508
Event: 214.123 Thread 0x0000020f9436b630 Uncommon trap: reason=class_check action=maybe_recompile pc=0x0000020f3ee15368 method=jdk.internal.ref.PhantomCleanable.clean()V @ 12 c2
Event: 214.123 Thread 0x0000020f9436b630 DEOPT PACKING pc=0x0000020f3ee15368 sp=0x00000093f48fef10
Event: 214.123 Thread 0x0000020f9436b630 DEOPT UNPACKING pc=0x0000020f3e4446a2 sp=0x00000093f48feef0 mode 2
Event: 214.124 Thread 0x0000020f9436b630 Uncommon trap: trap_request=0xffffffde fr.pc=0x0000020f3ee15368 relative=0x0000000000000508
Event: 214.124 Thread 0x0000020f9436b630 Uncommon trap: reason=class_check action=maybe_recompile pc=0x0000020f3ee15368 method=jdk.internal.ref.PhantomCleanable.clean()V @ 12 c2
Event: 214.124 Thread 0x0000020f9436b630 DEOPT PACKING pc=0x0000020f3ee15368 sp=0x00000093f48fef10
Event: 214.124 Thread 0x0000020f9436b630 DEOPT UNPACKING pc=0x0000020f3e4446a2 sp=0x00000093f48feef0 mode 2
Event: 215.724 Thread 0x0000020f9794a120 Uncommon trap: trap_request=0xffffffd6 fr.pc=0x0000020f3f2005b4 relative=0x00000000000006d4
Event: 215.724 Thread 0x0000020f9794a120 Uncommon trap: reason=array_check action=maybe_recompile pc=0x0000020f3f2005b4 method=java.util.TimSort.binarySort([Ljava/lang/Object;IIILjava/util/Comparator;)V @ 215 c2
Event: 215.724 Thread 0x0000020f9794a120 DEOPT PACKING pc=0x0000020f3f2005b4 sp=0x00000093f7ffe660
Event: 215.724 Thread 0x0000020f9794a120 DEOPT UNPACKING pc=0x0000020f3e4446a2 sp=0x00000093f7ffe5f8 mode 2
Event: 273.146 Thread 0x0000020f9f9d7720 Uncommon trap: trap_request=0xffffffd6 fr.pc=0x0000020f3f016d28 relative=0x0000000000000388
Event: 273.146 Thread 0x0000020f9f9d7720 Uncommon trap: reason=array_check action=maybe_recompile pc=0x0000020f3f016d28 method=java.util.Arrays.fill([Ljava/lang/Object;Ljava/lang/Object;)V @ 13 c2
Event: 273.146 Thread 0x0000020f9f9d7720 DEOPT PACKING pc=0x0000020f3f016d28 sp=0x00000093fa6fef50
Event: 273.146 Thread 0x0000020f9f9d7720 DEOPT UNPACKING pc=0x0000020f3e4446a2 sp=0x00000093fa6fef00 mode 2

Classes loaded (20 events):
Event: 81.329 Loading class java/util/PrimitiveIterator$OfInt
Event: 81.329 Loading class java/util/PrimitiveIterator
Event: 81.330 Loading class java/util/PrimitiveIterator done
Event: 81.330 Loading class java/util/PrimitiveIterator$OfInt done
Event: 82.738 Loading class jdk/internal/event/ThreadSleepEvent
Event: 82.739 Loading class jdk/internal/event/ThreadSleepEvent done
Event: 82.792 Loading class java/lang/ProcessImpl$2
Event: 82.793 Loading class java/lang/ProcessImpl$2 done
Event: 82.793 Loading class java/lang/Process$PipeInputStream
Event: 82.794 Loading class java/lang/Process$PipeInputStream done
Event: 82.794 Loading class jdk/internal/event/ProcessStartEvent
Event: 82.794 Loading class jdk/internal/event/ProcessStartEvent done
Event: 87.340 Loading class sun/nio/ch/SocketAdaptor
Event: 87.343 Loading class sun/nio/ch/SocketAdaptor done
Event: 87.352 Loading class sun/nio/ch/SocketInputStream
Event: 87.352 Loading class sun/nio/ch/SocketInputStream done
Event: 87.352 Loading class java/util/function/IntSupplier
Event: 87.353 Loading class java/util/function/IntSupplier done
Event: 87.354 Loading class sun/nio/ch/SocketOutputStream
Event: 87.355 Loading class sun/nio/ch/SocketOutputStream done

Classes unloaded (20 events):
Event: 139.399 Thread 0x0000020f4e538520 Unloading class 0x0000020f50f9a400 'java/lang/invoke/LambdaForm$MH+0x0000020f50f9a400'
Event: 139.399 Thread 0x0000020f4e538520 Unloading class 0x0000020f50f99800 'java/lang/invoke/LambdaForm$MH+0x0000020f50f99800'
Event: 139.399 Thread 0x0000020f4e538520 Unloading class 0x0000020f50f99400 'java/lang/invoke/LambdaForm$MH+0x0000020f50f99400'
Event: 139.399 Thread 0x0000020f4e538520 Unloading class 0x0000020f50f98c00 'java/lang/invoke/LambdaForm$MH+0x0000020f50f98c00'
Event: 139.399 Thread 0x0000020f4e538520 Unloading class 0x0000020f50f99000 'java/lang/invoke/LambdaForm$MH+0x0000020f50f99000'
Event: 139.399 Thread 0x0000020f4e538520 Unloading class 0x0000020f50f98400 'java/lang/invoke/LambdaForm$MH+0x0000020f50f98400'
Event: 139.399 Thread 0x0000020f4e538520 Unloading class 0x0000020f50f98000 'java/lang/invoke/LambdaForm$MH+0x0000020f50f98000'
Event: 139.399 Thread 0x0000020f4e538520 Unloading class 0x0000020f50f93c00 'java/lang/invoke/LambdaForm$MH+0x0000020f50f93c00'
Event: 139.399 Thread 0x0000020f4e538520 Unloading class 0x0000020f50f93000 'java/lang/invoke/LambdaForm$MH+0x0000020f50f93000'
Event: 139.399 Thread 0x0000020f4e538520 Unloading class 0x0000020f50f92c00 'java/lang/invoke/LambdaForm$MH+0x0000020f50f92c00'
Event: 139.399 Thread 0x0000020f4e538520 Unloading class 0x0000020f50f92800 'java/lang/invoke/LambdaForm$MH+0x0000020f50f92800'
Event: 139.399 Thread 0x0000020f4e538520 Unloading class 0x0000020f50f92400 'java/lang/invoke/LambdaForm$MH+0x0000020f50f92400'
Event: 139.399 Thread 0x0000020f4e538520 Unloading class 0x0000020f50f92000 'java/lang/invoke/LambdaForm$MH+0x0000020f50f92000'
Event: 139.399 Thread 0x0000020f4e538520 Unloading class 0x0000020f50f91800 'java/lang/invoke/LambdaForm$MH+0x0000020f50f91800'
Event: 139.399 Thread 0x0000020f4e538520 Unloading class 0x0000020f50f91400 'java/lang/invoke/LambdaForm$MH+0x0000020f50f91400'
Event: 139.399 Thread 0x0000020f4e538520 Unloading class 0x0000020f50f90c00 'java/lang/invoke/LambdaForm$MH+0x0000020f50f90c00'
Event: 139.399 Thread 0x0000020f4e538520 Unloading class 0x0000020f50f90800 'java/lang/invoke/LambdaForm$MH+0x0000020f50f90800'
Event: 139.399 Thread 0x0000020f4e538520 Unloading class 0x0000020f50f90400 'java/lang/invoke/LambdaForm$MH+0x0000020f50f90400'
Event: 139.399 Thread 0x0000020f4e538520 Unloading class 0x0000020f50f90000 'java/lang/invoke/LambdaForm$MH+0x0000020f50f90000'
Event: 139.399 Thread 0x0000020f4e538520 Unloading class 0x0000020f50f68400 'java/lang/invoke/LambdaForm$DMH+0x0000020f50f68400'

Classes redefined (0 events):
No events

Internal exceptions (20 events):
Event: 138.519 Thread 0x0000020f9ecc6220 Exception <a 'java/lang/NoSuchMethodError'{0x00000007081162e8}: static Lorg/apache/spark/util/io/ChunkedByteBuffer;.<clinit>()V> (0x00000007081162e8) 
thrown [s\open\src\hotspot\share\prims\jni.cpp, line 1106]
Event: 138.519 Thread 0x0000020f9eee9e40 Exception <a 'java/lang/NoSuchMethodError'{0x00000007081a1bd0}: static Lorg/apache/spark/util/io/ChunkedByteBuffer;.<clinit>()V> (0x00000007081a1bd0) 
thrown [s\open\src\hotspot\share\prims\jni.cpp, line 1106]
Event: 138.519 Thread 0x0000020f9eb9c200 Exception <a 'java/lang/NoSuchMethodError'{0x0000000708099b60}: static Lorg/apache/spark/util/io/ChunkedByteBuffer;.<clinit>()V> (0x0000000708099b60) 
thrown [s\open\src\hotspot\share\prims\jni.cpp, line 1106]
Event: 138.519 Thread 0x0000020f9ecc1420 Exception <a 'java/lang/NoSuchMethodError'{0x0000000708067ec8}: static Lorg/apache/spark/util/io/ChunkedByteBuffer;.<clinit>()V> (0x0000000708067ec8) 
thrown [s\open\src\hotspot\share\prims\jni.cpp, line 1106]
Event: 138.519 Thread 0x0000020f9ecc3ac0 Exception <a 'java/lang/NoSuchMethodError'{0x0000000708136180}: static Lorg/apache/spark/util/io/ChunkedByteBuffer;.<clinit>()V> (0x0000000708136180) 
thrown [s\open\src\hotspot\share\prims\jni.cpp, line 1106]
Event: 138.519 Thread 0x0000020f9ecc4150 Exception <a 'java/lang/NoSuchMethodError'{0x00000007080d2420}: static Lorg/apache/spark/util/io/ChunkedByteBuffer;.<clinit>()V> (0x00000007080d2420) 
thrown [s\open\src\hotspot\share\prims\jni.cpp, line 1106]
Event: 138.636 Thread 0x0000020f9ecc3ac0 Exception <a 'java/lang/NoSuchMethodError'{0x000000070e021528}: static Lorg/apache/spark/scheduler/DirectTaskResult;.<clinit>()V> (0x000000070e021528) 
thrown [s\open\src\hotspot\share\prims\jni.cpp, line 1106]
Event: 138.636 Thread 0x0000020f9ecc1420 Exception <a 'java/lang/NoSuchMethodError'{0x000000070f7e2110}: static Lorg/apache/spark/scheduler/DirectTaskResult;.<clinit>()V> (0x000000070f7e2110) 
thrown [s\open\src\hotspot\share\prims\jni.cpp, line 1106]
Event: 138.636 Thread 0x0000020f9ecc1ab0 Exception <a 'java/lang/NoSuchMethodError'{0x000000070e092cc8}: static Lorg/apache/spark/scheduler/DirectTaskResult;.<clinit>()V> (0x000000070e092cc8) 
thrown [s\open\src\hotspot\share\prims\jni.cpp, line 1106]
Event: 138.636 Thread 0x0000020f9f9d7720 Exception <a 'java/lang/NoSuchMethodError'{0x000000070f7b3a78}: static Lorg/apache/spark/scheduler/DirectTaskResult;.<clinit>()V> (0x000000070f7b3a78) 
thrown [s\open\src\hotspot\share\prims\jni.cpp, line 1106]
Event: 138.636 Thread 0x0000020f9f9d7db0 Exception <a 'java/lang/NoSuchMethodError'{0x000000070f620570}: static Lorg/apache/spark/scheduler/DirectTaskResult;.<clinit>()V> (0x000000070f620570) 
thrown [s\open\src\hotspot\share\prims\jni.cpp, line 1106]
Event: 138.636 Thread 0x0000020f9eeea4d0 Exception <a 'java/lang/NoSuchMethodError'{0x000000070e038960}: static Lorg/apache/spark/scheduler/DirectTaskResult;.<clinit>()V> (0x000000070e038960) 
thrown [s\open\src\hotspot\share\prims\jni.cpp, line 1106]
Event: 138.636 Thread 0x0000020f9eee9120 Exception <a 'java/lang/NoSuchMethodError'{0x000000070e04e580}: static Lorg/apache/spark/scheduler/DirectTaskResult;.<clinit>()V> (0x000000070e04e580) 
thrown [s\open\src\hotspot\share\prims\jni.cpp, line 1106]
Event: 138.636 Thread 0x0000020f9f15ec90 Exception <a 'java/lang/NoSuchMethodError'{0x000000070f7a5ec8}: static Lorg/apache/spark/scheduler/DirectTaskResult;.<clinit>()V> (0x000000070f7a5ec8) 
thrown [s\open\src\hotspot\share\prims\jni.cpp, line 1106]
Event: 138.636 Thread 0x0000020f9f8a12e0 Exception <a 'java/lang/NoSuchMethodError'{0x000000070e0bfa08}: static Lorg/apache/spark/scheduler/DirectTaskResult;.<clinit>()V> (0x000000070e0bfa08) 
thrown [s\open\src\hotspot\share\prims\jni.cpp, line 1106]
Event: 138.636 Thread 0x0000020f9eee97b0 Exception <a 'java/lang/NoSuchMethodError'{0x000000070e064528}: static Lorg/apache/spark/scheduler/DirectTaskResult;.<clinit>()V> (0x000000070e064528) 
thrown [s\open\src\hotspot\share\prims\jni.cpp, line 1106]
Event: 138.707 Thread 0x0000020f941ee7d0 Exception <a 'java/lang/NoSuchMethodError'{0x000000070dc16690}: 'java.lang.Object java.lang.invoke.DirectMethodHandle$Holder.invokeStatic(java.lang.Object, java.lang.Object, java.lang.Object, java.lang.Object, int, java.lang.Object, java.lang.Object, java.lang.Object)'> (0x000000070dc16690) 
thrown [s\open\src\hotspot\share\interpreter\linkResolver.cpp, line 773]
Event: 138.710 Thread 0x0000020f941ee7d0 Exception <a 'java/lang/NoSuchMethodError'{0x000000070dc1f990}: 'java.lang.Object java.lang.invoke.DirectMethodHandle$Holder.newInvokeSpecial(java.lang.Object, java.lang.Object, java.lang.Object, java.lang.Object, int, java.lang.Object, java.lang.Object)'> (0x000000070dc1f990) 
thrown [s\open\src\hotspot\share\interpreter\linkResolver.cpp, line 773]
Event: 139.122 Thread 0x0000020f9f291490 Exception <a 'java/lang/NoSuchMethodError'{0x0000000709e69fa8}: 'java.lang.Object java.lang.invoke.Invokers$Holder.linkToTargetMethod(java.lang.Object, java.lang.Object, long, java.lang.Object, long, java.lang.Object)'> (0x0000000709e69fa8) 
thrown [s\open\src\hotspot\share\interpreter\linkResolver.cpp, line 773]
Event: 139.347 Thread 0x0000020f9f291490 Exception <a 'java/lang/NoSuchMethodError'{0x000000070f670ef8}: static Lorg/apache/spark/sql/execution/joins/UnsafeHashedRelation;.<clinit>()V> (0x000000070f670ef8) 
thrown [s\open\src\hotspot\share\prims\jni.cpp, line 1106]

ZGC Phase Switch (0 events):
No events

VM Operations (20 events):
Event: 234.276 Executing VM operation: Cleanup
Event: 234.276 Executing VM operation: Cleanup done
Event: 240.400 Executing VM operation: HandshakeAllThreads (HandshakeForDeflation)
Event: 240.400 Executing VM operation: HandshakeAllThreads (HandshakeForDeflation) done
Event: 240.400 Executing VM operation: RendezvousGCThreads
Event: 240.400 Executing VM operation: RendezvousGCThreads done
Event: 241.411 Executing VM operation: Cleanup
Event: 241.411 Executing VM operation: Cleanup done
Event: 250.486 Executing VM operation: Cleanup
Event: 250.486 Executing VM operation: Cleanup done
Event: 254.520 Executing VM operation: Cleanup
Event: 254.520 Executing VM operation: Cleanup done
Event: 256.545 Executing VM operation: Cleanup
Event: 256.545 Executing VM operation: Cleanup done
Event: 259.585 Executing VM operation: Cleanup
Event: 259.585 Executing VM operation: Cleanup done
Event: 263.608 Executing VM operation: Cleanup
Event: 263.608 Executing VM operation: Cleanup done
Event: 273.709 Executing VM operation: Cleanup
Event: 273.709 Executing VM operation: Cleanup done

Events (20 events):
Event: 253.491 Thread 0x0000020f9f9ca350 Thread exited: 0x0000020f9f9ca350
Event: 253.491 Thread 0x0000020f9f9c9630 Thread exited: 0x0000020f9f9c9630
Event: 259.251 Thread 0x0000020f9fc30610 Thread added: 0x0000020f9fc30610
Event: 259.265 Thread 0x0000020f9f8a0c50 Thread added: 0x0000020f9f8a0c50
Event: 259.265 Thread 0x0000020f9f8a1970 Thread added: 0x0000020f9f8a1970
Event: 259.534 Thread 0x0000020f9ec112a0 Thread exited: 0x0000020f9ec112a0
Event: 259.534 Thread 0x0000020f9ec0fef0 Thread exited: 0x0000020f9ec0fef0
Event: 263.060 Thread 0x0000020f9f8a05c0 Thread added: 0x0000020f9f8a05c0
Event: 263.080 Thread 0x0000020f9eb9bb70 Thread added: 0x0000020f9eb9bb70
Event: 263.085 Thread 0x0000020f9eb9ae50 Thread added: 0x0000020f9eb9ae50
Event: 263.577 Thread 0x0000020f9f8a1970 Thread exited: 0x0000020f9f8a1970
Event: 263.577 Thread 0x0000020f9f8a0c50 Thread exited: 0x0000020f9f8a0c50
Event: 270.559 Thread 0x0000020f9eb9bb70 Thread exited: 0x0000020f9eb9bb70
Event: 270.559 Thread 0x0000020f9eb9ae50 Thread exited: 0x0000020f9eb9ae50
Event: 272.444 Thread 0x0000020f9f46e700 Thread exited: 0x0000020f9f46e700
Event: 272.457 Thread 0x0000020f9f9015e0 Thread exited: 0x0000020f9f9015e0
Event: 273.120 Thread 0x0000020f9f9ca9e0 Thread added: 0x0000020f9f9ca9e0
Event: 273.121 Thread 0x0000020f9f9c9630 Thread added: 0x0000020f9f9c9630
Event: 274.172 Thread 0x0000020f9f9ca9e0 Thread exited: 0x0000020f9f9ca9e0
Event: 274.172 Thread 0x0000020f9f9c9630 Thread exited: 0x0000020f9f9c9630


Dynamic libraries:
0x00007ff7d7210000 - 0x00007ff7d7220000 	C:\Program Files\Java\jdk-21\bin\java.exe
0x00007ffbf0c40000 - 0x00007ffbf0ea6000 	C:\WINDOWS\SYSTEM32\ntdll.dll
0x00007ffbbf3a0000 - 0x00007ffbbf3c1000 	C:\Program Files\AVG\Antivirus\aswhook.dll
0x00007ffbefce0000 - 0x00007ffbefda9000 	C:\WINDOWS\System32\KERNEL32.DLL
0x00007ffbee4b0000 - 0x00007ffbee8af000 	C:\WINDOWS\System32\KERNELBASE.dll
0x00007ffbee290000 - 0x00007ffbee3dc000 	C:\WINDOWS\System32\ucrtbase.dll
0x00007ffb8f570000 - 0x00007ffb8f589000 	C:\Program Files\Java\jdk-21\bin\jli.dll
0x00007ffbf0a20000 - 0x00007ffbf0adc000 	C:\WINDOWS\System32\ADVAPI32.dll
0x00007ffb8f550000 - 0x00007ffb8f56b000 	C:\Program Files\Java\jdk-21\bin\VCRUNTIME140.dll
0x00007ffbeedf0000 - 0x00007ffbeee99000 	C:\WINDOWS\System32\msvcrt.dll
0x00007ffbefde0000 - 0x00007ffbefe8a000 	C:\WINDOWS\System32\sechost.dll
0x00007ffbef2c0000 - 0x00007ffbef3d8000 	C:\WINDOWS\System32\RPCRT4.dll
0x00007ffbf02b0000 - 0x00007ffbf0476000 	C:\WINDOWS\System32\USER32.dll
0x00007ffbee110000 - 0x00007ffbee137000 	C:\WINDOWS\System32\win32u.dll
0x00007ffbc53d0000 - 0x00007ffbc5661000 	C:\WINDOWS\WinSxS\amd64_microsoft.windows.common-controls_6595b64144ccf1df_6.0.26100.8972_none_3e0da176e32f9d4b\COMCTL32.dll
0x00007ffbefdb0000 - 0x00007ffbefddb000 	C:\WINDOWS\System32\GDI32.dll
0x00007ffbede50000 - 0x00007ffbedf79000 	C:\WINDOWS\System32\gdi32full.dll
0x00007ffbee8c0000 - 0x00007ffbee963000 	C:\WINDOWS\System32\msvcp_win.dll
0x00007ffbe7a00000 - 0x00007ffbe7a0b000 	C:\WINDOWS\SYSTEM32\VERSION.dll
0x00007ffbefc10000 - 0x00007ffbefc42000 	C:\WINDOWS\System32\IMM32.DLL
0x00007ffbde3a0000 - 0x00007ffbde3ac000 	C:\Program Files\Java\jdk-21\bin\vcruntime140_1.dll
0x00007ffb769e0000 - 0x00007ffb76a6e000 	C:\Program Files\Java\jdk-21\bin\msvcp140.dll
0x00007ffb07aa0000 - 0x00007ffb087b7000 	C:\Program Files\Java\jdk-21\bin\server\jvm.dll
0x00007ffbef3e0000 - 0x00007ffbef462000 	C:\WINDOWS\System32\WS2_32.dll
0x00007ffbedcb0000 - 0x00007ffbedd0e000 	C:\WINDOWS\SYSTEM32\POWRPROF.dll
0x00007ffbe79c0000 - 0x00007ffbe79f6000 	C:\WINDOWS\SYSTEM32\WINMM.dll
0x00007ffbedc90000 - 0x00007ffbedca5000 	C:\WINDOWS\SYSTEM32\UMPDC.dll
0x00007ffbecb00000 - 0x00007ffbecb1b000 	C:\WINDOWS\SYSTEM32\kernel.appcore.dll
0x00007ffbdc840000 - 0x00007ffbdc84a000 	C:\Program Files\Java\jdk-21\bin\jimage.dll
0x00007ffbeaea0000 - 0x00007ffbeb0e2000 	C:\WINDOWS\SYSTEM32\DBGHELP.DLL
0x00007ffbeef30000 - 0x00007ffbef2b5000 	C:\WINDOWS\System32\combase.dll
0x00007ffbeea70000 - 0x00007ffbeeb49000 	C:\WINDOWS\System32\OLEAUT32.dll
0x00007ffbdad20000 - 0x00007ffbdad5b000 	C:\WINDOWS\SYSTEM32\dbgcore.DLL
0x00007ffbee1d0000 - 0x00007ffbee27c000 	C:\WINDOWS\System32\bcryptPrimitives.dll
0x00007ffb8f310000 - 0x00007ffb8f32f000 	C:\Program Files\Java\jdk-21\bin\java.dll
0x00007ffbef480000 - 0x00007ffbefc08000 	C:\WINDOWS\System32\SHELL32.dll
0x00007ffbeb8c0000 - 0x00007ffbec15b000 	C:\WINDOWS\SYSTEM32\windows.storage.dll
0x00007ffbee970000 - 0x00007ffbeea69000 	C:\WINDOWS\System32\SHCORE.dll
0x00007ffbf0240000 - 0x00007ffbf02a6000 	C:\WINDOWS\System32\shlwapi.dll
0x00007ffbedd70000 - 0x00007ffbedd99000 	C:\WINDOWS\SYSTEM32\profapi.dll
0x00007ffb71aa0000 - 0x00007ffb71b77000 	C:\Program Files\Java\jdk-21\bin\jsvml.dll
0x00007ffbd18a0000 - 0x00007ffbd18b0000 	C:\Program Files\Java\jdk-21\bin\net.dll
0x00007ffbe5330000 - 0x00007ffbe5458000 	C:\WINDOWS\SYSTEM32\WINHTTP.dll
0x00007ffbed090000 - 0x00007ffbed0fc000 	C:\WINDOWS\system32\mswsock.dll
0x00007ffb87030000 - 0x00007ffb87046000 	C:\Program Files\Java\jdk-21\bin\nio.dll
0x00007ffb86ee0000 - 0x00007ffb86ef8000 	C:\Program Files\Java\jdk-21\bin\zip.dll
0x00007ffbe1eb0000 - 0x00007ffbe1eba000 	C:\Program Files\Java\jdk-21\bin\management.dll
0x00007ffbe1ea0000 - 0x00007ffbe1eab000 	C:\Program Files\Java\jdk-21\bin\management_ext.dll
0x00007ffbef470000 - 0x00007ffbef478000 	C:\WINDOWS\System32\PSAPI.DLL
0x00007ffbcd120000 - 0x00007ffbcd138000 	C:\WINDOWS\system32\napinsp.dll
0x00007ffbec5a0000 - 0x00007ffbec6f8000 	C:\WINDOWS\SYSTEM32\DNSAPI.dll
0x00007ffbeceb0000 - 0x00007ffbecebd000 	C:\WINDOWS\SYSTEM32\DSPARSE.dll
0x00007ffbec500000 - 0x00007ffbec533000 	C:\WINDOWS\SYSTEM32\IPHLPAPI.DLL
0x00007ffbf0bf0000 - 0x00007ffbf0bfa000 	C:\WINDOWS\System32\NSI.dll
0x00007ffbcd100000 - 0x00007ffbcd113000 	C:\WINDOWS\System32\winrnr.dll
0x00007ffbcd000000 - 0x00007ffbcd022000 	C:\WINDOWS\system32\nlansp_c.dll
0x00007ffbccfe0000 - 0x00007ffbccff6000 	C:\WINDOWS\system32\wshbth.dll
0x00007ffbe4dd0000 - 0x00007ffbe4ddb000 	C:\Windows\System32\rasadhlp.dll
0x00007ffbe7f40000 - 0x00007ffbe7fc6000 	C:\WINDOWS\System32\fwpuclnt.dll
0x00007ffbed4b0000 - 0x00007ffbed4cb000 	C:\WINDOWS\SYSTEM32\CRYPTSP.dll
0x00007ffbeca60000 - 0x00007ffbeca99000 	C:\WINDOWS\system32\rsaenh.dll
0x00007ffbed140000 - 0x00007ffbed172000 	C:\WINDOWS\SYSTEM32\USERENV.dll
0x00007ffbedd40000 - 0x00007ffbedd6a000 	C:\WINDOWS\SYSTEM32\bcrypt.dll
0x00007ffbed2f0000 - 0x00007ffbed2fc000 	C:\WINDOWS\SYSTEM32\CRYPTBASE.dll
0x00007ffbe1c70000 - 0x00007ffbe1c79000 	C:\Program Files\Java\jdk-21\bin\extnet.dll
0x00007ffbe1bd0000 - 0x00007ffbe1be7000 	C:\hadoop\bin\hadoop.dll
0x00007ffbdb4a0000 - 0x00007ffbdb4ba000 	C:\WINDOWS\SYSTEM32\NETAPI32.dll
0x00007ffbec540000 - 0x00007ffbec590000 	C:\WINDOWS\SYSTEM32\AUTHZ.dll
0x00007ffbec450000 - 0x00007ffbec46b000 	C:\WINDOWS\SYSTEM32\SAMCLI.DLL
0x00007ffbec430000 - 0x00007ffbec43d000 	C:\WINDOWS\SYSTEM32\NETUTILS.DLL
0x00007ffbe1c60000 - 0x00007ffbe1c69000 	C:\Program Files\Java\jdk-21\bin\jaas.dll
0x00007ffbd1140000 - 0x00007ffbd114e000 	C:\Program Files\Java\jdk-21\bin\sunmscapi.dll
0x00007ffbedf80000 - 0x00007ffbee0fe000 	C:\WINDOWS\System32\CRYPT32.dll
0x00007ffbed620000 - 0x00007ffbed650000 	C:\WINDOWS\SYSTEM32\ncrypt.dll
0x00007ffbed5d0000 - 0x00007ffbed60f000 	C:\WINDOWS\SYSTEM32\NTASN1.dll
0x00007ffb9d8a0000 - 0x00007ffb9d8a8000 	C:\WINDOWS\system32\wshunix.dll
0x00007ffbd1870000 - 0x00007ffbd1880000 	C:\Program Files\Java\jdk-21\bin\verify.dll
0x00007ffbc1cd0000 - 0x00007ffbc1d18000 	C:\Users\MY-PC\AppData\Local\Temp\liblz4-java-4121272574430266678.dll

dbghelp: loaded successfully - version: 4.0.5 - missing functions: none
symbol engine: initialized successfully - sym options: 0x614 - pdb path: .;C:\Program Files\Java\jdk-21\bin;C:\WINDOWS\SYSTEM32;C:\Program Files\AVG\Antivirus;C:\WINDOWS\WinSxS\amd64_microsoft.windows.common-controls_6595b64144ccf1df_6.0.26100.8972_none_3e0da176e32f9d4b;C:\Program Files\Java\jdk-21\bin\server;C:\hadoop\bin;C:\Users\MY-PC\AppData\Local\Temp

VM Arguments:
jvm_args: -Xmx4g -XX:+IgnoreUnrecognizedVMOptions --add-modules=jdk.incubator.vector --add-opens=java.base/java.lang=ALL-UNNAMED --add-opens=java.base/java.lang.invoke=ALL-UNNAMED --add-opens=java.base/java.lang.reflect=ALL-UNNAMED --add-opens=java.base/java.io=ALL-UNNAMED --add-opens=java.base/java.net=ALL-UNNAMED --add-opens=java.base/java.nio=ALL-UNNAMED --add-opens=java.base/java.util=ALL-UNNAMED --add-opens=java.base/java.util.concurrent=ALL-UNNAMED --add-opens=java.base/java.util.concurrent.atomic=ALL-UNNAMED --add-opens=java.base/jdk.internal.ref=ALL-UNNAMED --add-opens=java.base/sun.nio.ch=ALL-UNNAMED --add-opens=java.base/sun.nio.cs=ALL-UNNAMED --add-opens=java.base/sun.security.action=ALL-UNNAMED --add-opens=java.base/sun.util.calendar=ALL-UNNAMED --add-opens=java.security.jgss/sun.security.krb5=ALL-UNNAMED -Dio.netty.tryReflectionSetAccessible=true -Dio.netty.allocator.type=pooled -Dio.netty.handler.ssl.defaultEndpointVerificationAlgorithm=NONE --sun-misc-unsafe-memory-access=allow --enable-native-access=ALL-UNNAMED -Dderby.connection.requireAuthentication=false 
java_command: org.apache.spark.deploy.SparkSubmit --conf spark.sql.execution.arrow.pyspark.enabled=true --conf spark.master=local[*] --conf spark.driver.memory=4g --conf spark.python.worker.faulthandler.enabled=true --conf spark.executor.extraClassPath=C:\Users\MY-PC\cleaning_task\jars\postgresql-42.7.4.jar --conf spark.python.authenticate.socketTimeout=120 --conf spark.driver.extraClassPath=C:\Users\MY-PC\cleaning_task\jars\postgresql-42.7.4.jar --conf spark.app.name=transaction-cleaning --conf spark.sql.shuffle.partitions=8 --conf spark.sql.ui.retainedExecutions=20 --conf spark.ui.retainedTasks=200 --conf spark.sql.session.timeZone=UTC --conf spark.sql.ansi.enabled=false --conf spark.sql.legacy.timeParserPolicy=CORRECTED --conf spark.sql.execution.arrow.pyspark.fallback.enabled=true --conf spark.ui.retainedStages=20 --conf spark.ui.enabled=false --conf spark.ui.retainedJobs=20 pyspark-shell
java_class_path (initial): C:\Users\MY-PC\cleaning_task\jars\postgresql-42.7.4.jar;C:\Users\MY-PC\cleaning_task\.venv\Lib\site-packages\pyspark\bin\..\conf;C:\Users\MY-PC\cleaning_task\.venv\Lib\site-packages\pyspark\bin\..\jars\slf4j-api-2.0.17.jar;C:\Users\MY-PC\cleaning_task\.venv\Lib\site-packages\pyspark\bin\..\jars\aircompressor-2.0.3.jar;C:\Users\MY-PC\cleaning_task\.venv\Lib\site-packages\pyspark\bin\..\jars\algebra_2.13-2.8.0.jar;C:\Users\MY-PC\cleaning_task\.venv\Lib\site-packages\pyspark\bin\..\jars\antlr-runtime-3.5.2.jar;C:\Users\MY-PC\cleaning_task\.venv\Lib\site-packages\pyspark\bin\..\jars\antlr4-runtime-4.13.1.jar;C:\Users\MY-PC\cleaning_task\.venv\Lib\site-packages\pyspark\bin\..\jars\aopalliance-repackaged-3.0.6.jar;C:\Users\MY-PC\cleaning_task\.venv\Lib\site-packages\pyspark\bin\..\jars\arpack-3.2.0.jar;C:\Users\MY-PC\cleaning_task\.venv\Lib\site-packages\pyspark\bin\..\jars\arpack_combined_all-0.1.jar;C:\Users\MY-PC\cleaning_task\.venv\Lib\site-packages\pyspark\bin\..\jars\arrow-compression-19.0.0.jar;C:\Users\MY-PC\cleaning_task\.venv\Lib\site-packages\pyspark\bin\..\jars\arrow-format-19.0.0.jar;C:\Users\MY-PC\cleaning_task\.venv\Lib\site-packages\pyspark\bin\..\jars\arrow-memory-core-19.0.0.jar;C:\Users\MY-PC\cleaning_task\.venv\Lib\site-packages\pyspark\bin\..\jars\arrow-memory-netty-19.0.0.jar;C:\Users\MY-PC\cleaning_task\.venv\Lib\site-packages\pyspark\bin\..\jars\arrow-memory-netty-buffer-patch-19.0.0.jar;C:\Users\MY-PC\cleaning_task\.venv\Lib\site-packages\pyspark\bin\..\jars\arrow-vector-19.0.0.jar;C:\Users\MY-PC\cleaning_task\.venv\Lib\site-packages\pyspark\bin\..\jars\audience-annotations-0.12.0.jar;C:\Users\MY-PC\cleaning_task\.venv\Lib\site-packages\pyspark\bin\..\jars\avro-1.12.1.jar;C:\Users\MY-PC\cleaning_task\.venv\Lib\site-packages\pyspark\bin\..\jars\avro-ipc-1.12.1.jar;C:\Users\MY-PC\cleaning_task\.venv\Lib\site-packages\pyspark\bin\..\jars\avro-mapred-1.12.1.jar;C:\Users\MY-PC\cleaning_task\.venv\Lib\site-packages\pyspark\bin\..\jars\blas-3.2.0.jar;C:\Users\MY-PC\cleaning_task\.venv\Lib\site-packages\pyspark\bin\..\jars\breeze-macros_2.13-2.1.0.jar;C:\Users\MY-PC\cleaning_task\.venv\Lib\site-packages\pyspark\bin\..\jars\breeze_2.13-2.1.0.jar;C:\Users\MY-PC\cleaning_task\.venv\Lib\site-packages\pyspark\bin\..\jars\cats-kernel_2.13-2.8.0.jar;C:\Users\MY-PC\cleaning_task\.venv\Lib\site-packages\pyspark\bin\..\jars\chill-java-0.10.0.jar;C:\Users\MY-PC\cleaning_task\.venv\Lib\site-packages\pyspark\bin\..\jars\chill_2.13-0.10.0.jar;C:\Users\MY-PC\cleaning_task\.venv\Lib\site-packages\pyspark\bin\..\jars\commons-cli-1.11.0.jar;C:\Users\MY-PC\cleaning_task\.venv\Lib\site-packages\pyspark\bin\..\jars\commons-codec-1.22.0.jar;C:\Users\MY-PC\cleaning_task\.venv\Lib\site-packages\pyspark\bin\..\jars\commons-collections4-4.5.0.jar;C:\Users\MY-PC\cleaning_task\.venv\Lib\site-packages\pyspark\bin\..\jars\commons-compiler-3.1.9.jar;C:\Users\MY-PC\cleaning_task\.venv\Lib\site-packages\pyspark\bin\..\jars\commons-compress-1.28.0.jar;C:\Users\MY-PC\cleaning_task\.venv\Lib\site-packages\pyspark\bin\..\jars\commons-crypto-1.1.0.jar;C:\Users\MY-PC\cleaning_task\.venv\Lib\site-packages\pyspark\bin\..\jars\commons-dbcp-1.4.jar;C:\Users\MY-PC\cleaning_task\.venv\Lib\site-packages\pyspark\bin\..\jars\commons-io-2.22.0.jar;C:\Users\MY-PC\cleaning_task\.venv\Lib\site-packages\pyspark\bin\..\jars\commons-lang-2.6.jar;C:\Users\MY-PC\cleaning_task\.venv\Lib\site-packages\pyspark\bin\..\jars\commons-lang3-3.20.0.jar;C:\Users\MY-PC\cleaning_task\.venv\Lib\site-packages\pyspark\bin\..\jars\commons-math3-3.6.1.jar;C:\Users\MY-PC\cleaning_task\.venv\Lib\site-packages\pyspark\bin\..\jars\commons-pool-1.5.4.jar;C:\Users\MY-PC\cleaning_task\.venv\Lib\site-packages\pyspark\bin\..\jars\commons-text-1.15.0.jar;C:\Users\MY-PC\cleaning_task\.venv\Lib\site-packages\pyspark\bin\..\jars\compress-lzf-1.2.0.jar;C:\Users\MY-PC\cleaning_task\.venv\Lib\site-packages\pyspark\bin\..\jars\curator-client-5.9.0.jar;C:\Users\MY-PC\cleaning_task\.venv\Lib\site-packages\pyspark\bin\..\jars\curator-framework-5.9.0.jar;C:\Users\MY-PC\cleaning_task\.venv\Lib\site-packages\pyspark\bin\..\jars\curator-recipes-5.9.0.jar;C:\Users\MY-PC\cleaning_task\.venv\Lib\site-packages\pyspark\bin\..\jars\datanucleus-api-jdo-4.2.4.jar;C:\Users\MY-PC\cleaning_task\.venv\Lib\site-packages\pyspark\bin\..\jars\datanucleus-core-4.1.17.jar;C:\Users\MY-PC\cleaning_task\.venv\Lib\site-packages\pyspark\bin\..\jars\datanucleus-rdbms-4.1.19.jar;C:\Users\MY-PC\cleaning_task\.venv\Lib\site-packages\pyspark\bin\..\jars\datasketches-java-6.2.0.jar;C:\Users\MY-PC\cleaning_task\.venv\Lib\site-packages\pyspark\bin\..\jars\datasketches-memory-3.0.2.jar;C:\Users\MY-PC\cleaning_task\.venv\Lib\site-packages\pyspark\bin\..\jars\derby-10.16.1.1.jar;C:\Users\MY-PC\cleaning_task\.venv\Lib\site-packages\pyspark\bin\..\jars\derbyshared-10.16.1.1.jar;C:\Users\MY-PC\cleaning_task\.venv\Lib\site-packages\pyspark\bin\..\jars\derbytools-10.16.1.1.jar;C:\Users\MY-PC\cleaning_task\.venv\Lib\site-packages\pyspark\bin\..\jars\dropwizard-metrics-hadoop-metrics2-reporter-0.1.2.jar;C:\Users\MY-PC\cleaning_task\.venv\Lib\site-packages\pyspark\bin\..\jars\failureaccess-1.0.3.jar;C:\Users\MY-PC\cleaning_task\.venv\Lib\site-packages\pyspark\bin\..\jars\flatbuffers-java-25.2.10.jar;C:\Users\MY-PC\cleaning_task\.venv\Lib\site-packages\pyspark\bin\..\jars\gson-2.13.2.jar;C:\Users\MY-PC\cleaning_task\.venv\Lib\site-packages\pyspark\bin\..\jars\guava-33.6.0-jre.jar;C:\Users\MY-PC\cleaning_task\.venv\Lib\site-packages\pyspark\bin\..\jars\hadoop-client-api-3.5.0.jar;C:\Users\MY-PC\cleaning_task\.venv\Lib\site-packages\pyspark\bin\..\jars\hadoop-client-runtime-3.5.0.jar;C:\Users\MY-PC\cleaning_task\.venv\Lib\site-packages\pyspark\bin\..\jars\HikariCP-2.5.1.jar;C:\Users\MY-PC\cleaning_task\.venv\Lib\site-packages\pyspark\bin\..\jars\hive-beeline-2.3.10.jar;C:\Users\MY-PC\cleaning_task\.venv\Lib\site-packages\pyspark\bin\..\jars\hive-cli-2.3.10.jar;C:\Users\MY-PC\cleaning_task\.venv\Lib\site-packages\pyspark\bin\..\jars\hive-common-2.3.10.jar;C:\Users\MY-PC\cleaning_task\.venv\Lib\site-packages\pyspark\bin\..\jars\hive-exec-2.3.10-core.jar;C:\Users\MY-PC\cleaning_task\.venv\Lib\site-packages\pyspark\bin\..\jars\hive-jdbc-2.3.10.jar;C:\Users\MY-PC\cleaning_task\.venv\Lib\site-packages\pyspark\bin\..\jars\hive-metastore-2.3.10.jar;C:\Users\MY-PC\cleaning_task\.venv\Lib\site-packages\pyspark\bin\..\jars\hive-serde-2.3.10.jar;C:\Users\MY-PC\cleaning_task\.venv\Lib\site-packages\pyspark\bin\..\jars\hive-service-rpc-4.0.0.jar;C:\Users\MY-PC\cleaning_task\.venv\Lib\site-packages\pyspark\bin\..\jars\hive-shims-0.23-2.3.10.jar;C:\Users\MY-PC\cleaning_task\.venv\Lib\site-packages\pyspark\bin\..\jars\hive-shims-2.3.10.jar;C:\Users\MY-PC\cleaning_task\.venv\Lib\site-packages\pyspark\bin\..\jars\hive-shims-common-2.3.10.jar;C:\Users\MY-PC\cleaning_task\.venv\Lib\site-packages\pyspark\bin\..\jars\hive-shims-scheduler-2.3.10.jar;C:\Users\MY-PC\cleaning_task\.venv\Lib\site-packages\pyspark\bin\..\jars\hive-storage-api-2.8.1.jar;C:\Users\MY-PC\cleaning_task\.venv\Lib\site-packages\pyspark\bin\..\jars\hk2-api-3.0.6.jar;C:\Users\MY-PC\cleaning_task\.venv\Lib\site-packages\pyspark\bin\..\jars\hk2-locator-3.0.6.jar;C:\Users\MY-PC\cleaning_task\.venv\Lib\site-packages\pyspark\bin\..\jars\hk2-utils-3.0.6.jar;C:\Users\MY-PC\cleaning_task\.venv\Lib\site-packages\pyspark\bin\..\jars\httpclient-4.5.14.jar;C:\Users\MY-PC\cleaning_task\.venv\Lib\site-packages\pyspark\bin\..\jars\httpcore-4.4.16.jar;C:\Users\MY-PC\cleaning_task\.venv\Lib\site-packages\pyspark\bin\..\jars\icu4j-78.3.jar;C:\Users\MY-PC\cleaning_task\.venv\Lib\site-packages\pyspark\bin\..\jars\istack-commons-runtime-4.1.2.jar;C:\Users\MY-PC\cleaning_task\.venv\Lib\site-packages\pyspark\bin\..\jars\ivy-2.5.3.jar;C:\Users\MY-PC\cleaning_task\.venv\Lib\site-packages\pyspark\bin\..\jars\jackson-annotations-2.21.jar;C:\Users\MY-PC\cleaning_task\.venv\Lib\site-packages\pyspark\bin\..\jars\jackson-core-2.21.2.jar;C:\Users\MY-PC\cleaning_task\.venv\Lib\site-packages\pyspark\bin\..\jars\jackson-databind-2.21.2.jar;C:\Users\MY-PC\cleaning_task\.venv\Lib\site-packages\pyspark\bin\..\jars\jackson-dataformat-yaml-2.21.2.jar;C:\Users\MY-PC\cleaning_task\.venv\Lib\site-packages\pyspark\bin\..\jars\jackson-datatype-jsr310-2.21.2.jar;C:\Users\MY-PC\cleaning_task\.venv\Lib\site-packages\pyspark\bin\..\jars\jackson-module-scala_2.13-2.21.2.jar;C:\Users\MY-PC\cleaning_task\.venv\Lib\site-packages\pyspark\bin\..\jars\jakarta.activation-api-2.1.4.jar;C:\Users\MY-PC\cleaning_task\.venv\Lib\site-packages\pyspark\bin\..\jars\jakarta.annotation-api-2.1.1.jar;C:\Users\MY-PC\cleaning_task\.venv\Lib\site-packages\pyspark\bin\..\jars\jakarta.inject-api-2.0.1.jar;C:\Users\MY-PC\cleaning_task\.venv\Lib\site-packages\pyspark\bin\..\jars\jakarta.servlet-api-6.0.0.jar;C:\Users\MY-PC\cleaning_task\.venv\Lib\site-packages\pyspark\bin\..\jars\jakarta.validation-api-3.0.2.jar;C:\Users\MY-PC\cleaning_task\.venv\Lib\site-packages\pyspark\bin\..\jars\jakarta.ws.rs-api-3.1.0.jar;C:\Users\MY-PC\cleaning_task\.venv\Lib\site-packages\pyspark\bin\..\jars\jakarta.xml.bind-api-4.0.5.jar;C:\Users\MY-PC\cleaning_task\.venv\Lib\site-packages\pyspark\bin\..\jars\janino-3.1.9.jar;C:\Users\MY-PC\cleaning_task\.venv\Lib\site-packages\pyspark\bin\..\jars\java-diff-utils-4.16.jar;C:\Users\MY-PC\cleaning_task\.venv\Lib\site-packages\pyspark\bin\..\jars\javassist-3.30.2-GA.jar;C:\Users\MY-PC\cleaning_task\.venv\Lib\site-packages\pyspark\bin\..\jars\javax.jdo-3.2.0-m3.jar;C:\Users\MY-PC\cleaning_task\.venv\Lib\site-packages\pyspark\bin\..\jars\javax.servlet-api-4.0.1.jar;C:\Users\MY-PC\cleaning_task\.venv\Lib\site-packages\pyspark\bin\..\jars\javolution-5.5.1.jar;C:\Users\MY-PC\cleaning_task\.venv\Lib\site-packages\pyspark\bin\..\jars\jaxb-core-4.0.6.jar;C:\Users\MY-PC\cleaning_task\.venv\Lib\site-packages\pyspark\bin\..\jars\jaxb-runtime-4.0.6.jar;C:\Users\MY-PC\cleaning_task\.venv\Lib\site-packages\pyspark\bin\..\jars\jcl-over-slf4j-2.0.17.jar;C:\Users\MY-PC\cleaning_task\.venv\Lib\site-packages\pyspark\bin\..\jars\jdo-api-3.0.1.jar;C:\Users\MY-PC\cleaning_task\.venv\Lib\site-packages\pyspark\bin\..\jars\jersey-client-3.1.11.jar;C:\Users\MY-PC\cleaning_task\.venv\Lib\site-packages\pyspark\bin\..\jars\jersey-common-3.1.11.jar;C:\Users\MY-PC\cleaning_task\.venv\Lib\site-packages\pyspark\bin\..\jars\jersey-container-servlet-3.1.11.jar;C:\Users\MY-PC\cleaning_task\.venv\Lib\site-packages\pyspark\bin\..\jars\jersey-container-servlet-core-3.1.11.jar;C:\Users\MY-PC\cleaning_task\.venv\Lib\site-packages\pyspark\bin\..\jars\jersey-hk2-3.1.11.jar;C:\Users\MY-PC\cleaning_task\.venv\Lib\site-packages\pyspark\bin\..\jars\jersey-server-3.1.11.jar;C:\Users\MY-PC\cleaning_task\.venv\Lib\site-packages\pyspark\bin\..\jars\jjwt-api-0.13.0.jar;C:\Users\MY-PC\cleaning_task\.venv\Lib\site-packages\pyspark\bin\..\jars\jjwt-impl-0.13.0.jar;C:\Users\MY-PC\cleaning_task\.venv\Lib\site-packages\pyspark\bin\..\jars\jjwt-jackson-0.13.0.jar;C:\Users\MY-PC\cleaning_task\.venv\Lib\site-packages\pyspark\bin\..\jars\JLargeArrays-1.5.jar;C:\Users\MY-PC\cleaning_task\.venv\Lib\site-packages\pyspark\bin\..\jars\jline-2.14.6.jar;C:\Users\MY-PC\cleaning_task\.venv\Lib\site-packages\pyspark\bin\..\jars\jline-3.29.0-jdk8.jar;C:\Users\MY-PC\cleaning_task\.venv\Lib\site-packages\pyspark\bin\..\jars\joda-time-2.14.1.jar;C:\Users\MY-PC\cleaning_task\.venv\Lib\site-packages\pyspark\bin\..\jars\jpam-1.1.jar;C:\Users\MY-PC\cleaning_task\.venv\Lib\site-packages\pyspark\bin\..\jars\json-1.8.jar;C:\Users\MY-PC\cleaning_task\.venv\Lib\site-packages\pyspark\bin\..\jars\json4s-ast_2.13-4.0.7.jar;C:\Users\MY-PC\cleaning_task\.venv\Lib\site-packages\pyspark\bin\..\jars\json4s-core_2.13-4.0.7.jar;C:\Users\MY-PC\cleaning_task\.venv\Lib\site-packages\pyspark\bin\..\jars\json4s-jackson-core_2.13-4.0.7.jar;C:\Users\MY-PC\cleaning_task\.venv\Lib\site-packages\pyspark\bin\..\jars\json4s-jackson_2.13-4.0.7.jar;C:\Users\MY-PC\cleaning_task\.venv\Lib\site-packages\pyspark\bin\..\jars\json4s-scalap_2.13-4.0.7.jar;C:\Users\MY-PC\cleaning_task\.venv\Lib\site-packages\pyspark\bin\..\jars\jsr305-3.0.0.jar;C:\Users\MY-PC\cleaning_task\.venv\Lib\site-packages\pyspark\bin\..\jars\jta-1.1.jar;C:\Users\MY-PC\cleaning_task\.venv\Lib\site-packages\pyspark\bin\..\jars\JTransforms-3.1.jar;C:\Users\MY-PC\cleaning_task\.venv\Lib\site-packages\pyspark\bin\..\jars\jts-core-1.20.0.jar;C:\Users\MY-PC\cleaning_task\.venv\Lib\site-packages\pyspark\bin\..\jars\jul-to-slf4j-2.0.17.jar;C:\Users\MY-PC\cleaning_task\.venv\Lib\site-packages\pyspark\bin\..\jars\kryo-shaded-4.0.3.jar;C:\Users\MY-PC\cleaning_task\.venv\Lib\site-packages\pyspark\bin\..\jars\kubernetes-client-7.6.1.jar;C:\Users\MY-PC\cleaning_task\.venv\Lib\site-packages\pyspark\bin\..\jars\kubernetes-client-api-7.6.1.jar;C:\Users\MY-PC\cleaning_task\.venv\Lib\site-packages\pyspark\bin\..\jars\kubernetes-httpclient-vertx-7.6.1.jar;C:\Users\MY-PC\cleaning_task\.venv\Lib\site-packages\pyspark\bin\..\jars\kubernetes-model-admissionregistration-7.6.1.jar;C:\Users\MY-PC\cleaning_task\.venv\Lib\site-packages\pyspark\bin\..\jars\kubernetes-model-apiextensions-7.6.1.jar;C:\Users\MY-PC\cleaning_task\.venv\Lib\site-packages\pyspark\bin\..\jars\kubernetes-model-apps-7.6.1.jar;C:\Users\MY-PC\cleaning_task\.venv\Lib\site-packages\pyspark\bin\..\jars\kubernetes-model-autoscaling-7.6.1.jar;C:\Users\MY-PC\cleaning_task\.venv\Lib\site-packages\pyspark\bin\..\jars\kubernetes-model-batch-7.6.1.jar;C:\Users\MY-PC\cleaning_task\.venv\Lib\site-packages\pyspark\bin\..\jars\kubernetes-model-certificates-7.6.1.jar;C:\Users\MY-PC\cleaning_task\.venv\Lib\site-packages\pyspark\bin\..\jars\kubernetes-model-common-7.6.1.jar;C:\Users\MY-PC\cleaning_task\.venv\Lib\site-packages\pyspark\bin\..\jars\kubernetes-model-coordination-7.6.1.jar;C:\Users\MY-PC\cleaning_task\.venv\Lib\site-packages\pyspark\bin\..\jars\kubernetes-model-core-7.6.1.jar;C:\Users\MY-PC\cleaning_task\.venv\Lib\site-packages\pyspark\bin\..\jars\kubernetes-model-discovery-7.6.1.jar;C:\Users\MY-PC\cleaning_task\.venv\Lib\site-packages\pyspark\bin\..\jars\kubernetes-model-events-7.6.1.jar;C:\Users\MY-PC\cleaning_task\.venv\Lib\site-packages\pyspark\bin\..\jars\kubernetes-model-extensions-7.6.1.jar;C:\Users\MY-PC\cleaning_task\.venv\Lib\site-packages\pyspark\bin\..\jars\kubernetes-model-flowcontrol-7.6.1.jar;C:\Users\MY-PC\cleaning_task\.venv\Lib\site-packages\pyspark\bin\..\jars\kubernetes-model-gatewayapi-7.6.1.jar;C:\Users\MY-PC\cleaning_task\.venv\Lib\site-packages\pyspark\bin\..\jars\kubernetes-model-metrics-7.6.1.jar;C:\Users\MY-PC\cleaning_task\.venv\Lib\site-packages\pyspark\bin\..\jars\kubernetes-model-networking-7.6.1.jar;C:\Users\MY-PC\cleaning_task\.venv\Lib\site-packages\pyspark\bin\..\jars\kubernetes-model-node-7.6.1.jar;C:\Users\MY-PC\cleaning_task\.venv\Lib\site-packages\pyspark\bin\..\jars\kubernetes-model-policy-7.6.1.jar;C:\Users\MY-PC\cleaning_task\.venv\Lib\site-packages\pyspark\bin\..\jars\kubernetes-model-rbac-7.6.1.jar;C:\Users\MY-PC\cleaning_task\.venv\Lib\site-packages\pyspark\bin\..\jars\kubernetes-model-resource-7.6.1.jar;C:\Users\MY-PC\cleaning_task\.venv\Lib\site-packages\pyspark\bin\..\jars\kubernetes-model-scheduling-7.6.1.jar;C:\Users\MY-PC\cleaning_task\.venv\Lib\site-packages\pyspark\bin\..\jars\kubernetes-model-storageclass-7.6.1.jar;C:\Users\MY-PC\cleaning_task\.venv\Lib\site-packages\pyspark\bin\..\jars\lapack-3.2.0.jar;C:\Users\MY-PC\cleaning_task\.venv\Lib\site-packages\pyspark\bin\..\jars\leveldbjni-all-1.8.jar;C:\Users\MY-PC\cleaning_task\.venv\Lib\site-packages\pyspark\bin\..\jars\libfb303-0.9.3.jar;C:\Users\MY-PC\cleaning_task\.venv\Lib\site-packages\pyspark\bin\..\jars\libthrift-0.16.0.jar;C:\Users\MY-PC\cleaning_task\.venv\Lib\site-packages\pyspark\bin\..\jars\log4j-1.2-api-2.25.4.jar;C:\Users\MY-PC\cleaning_task\.venv\Lib\site-packages\pyspark\bin\..\jars\log4j-api-2.25.4.jar;C:\Users\MY-PC\cleaning_task\.venv\Lib\site-packages\pyspark\bin\..\jars\log4j-core-2.25.4.jar;C:\Users\MY-PC\cleaning_task\.venv\Lib\site-packages\pyspark\bin\..\jars\log4j-layout-template-json-2.25.4.jar;C:\Users\MY-PC\cleaning_task\.venv\Lib\site-packages\pyspark\bin\..\jars\log4j-slf4j2-impl-2.25.4.jar;C:\Users\MY-PC\cleaning_task\.venv\Lib\site-packages\pyspark\bin\..\jars\lz4-java-1.11.0.jar;C:\Users\MY-PC\cleaning_task\.venv\Lib\site-packages\pyspark\bin\..\jars\metrics-core-4.2.37.jar;C:\Users\MY-PC\cleaning_task\.venv\Lib\site-packages\pyspark\bin\..\jars\metrics-graphite-4.2.37.jar;C:\Users\MY-PC\cleaning_task\.venv\Lib\site-packages\pyspark\bin\..\jars\metrics-jmx-4.2.37.jar;C:\Users\MY-PC\cleaning_task\.venv\Lib\site-packages\pyspark\bin\..\jars\metrics-json-4.2.37.jar;C:\Users\MY-PC\cleaning_task\.venv\Lib\site-packages\pyspark\bin\..\jars\metrics-jvm-4.2.37.jar;C:\Users\MY-PC\cleaning_task\.venv\Lib\site-packages\pyspark\bin\..\jars\minlog-1.3.0.jar;C:\Users\MY-PC\cleaning_task\.venv\Lib\site-packages\pyspark\bin\..\jars\netty-all-4.2.13.Final.jar;C:\Users\MY-PC\cleaning_task\.venv\Lib\site-packages\pyspark\bin\..\jars\netty-buffer-4.2.13.Final.jar;C:\Users\MY-PC\cleaning_task\.venv\Lib\site-packages\pyspark\bin\..\jars\netty-codec-4.2.13.Final.jar;C:\Users\MY-PC\cleaning_task\.venv\Lib\site-packages\pyspark\bin\..\jars\netty-codec-base-4.2.13.Final.jar;C:\Users\MY-PC\cleaning_task\.venv\Lib\site-packages\pyspark\bin\..\jars\netty-codec-compression-4.2.13.Final.jar;C:\Users\MY-PC\cleaning_task\.venv\Lib\site-packages\pyspark\bin\..\jars\netty-codec-dns-4.2.13.Final.jar;C:\Users\MY-PC\cleaning_task\.venv\Lib\site-packages\pyspark\bin\..\jars\netty-codec-http-4.2.13.Final.jar;C:\Users\MY-PC\cleaning_task\.venv\Lib\site-packages\pyspark\bin\..\jars\netty-codec-http2-4.2.13.Final.jar;C:\Users\MY-PC\cleaning_task\.venv\Lib\site-packages\pyspark\bin\..\jars\netty-codec-socks-4.2.13.Final.jar;C:\Users\MY-PC\cleaning_task\.venv\Lib\site-packages\pyspark\bin\..\jars\netty-common-4.2.13.Final.jar;C:\Users\MY-PC\cleaning_task\.venv\Lib\site-packages\pyspark\bin\..\jars\netty-handler-4.2.13.Final.jar;C:\Users\MY-PC\cleaning_task\.venv\Lib\site-packages\pyspark\bin\..\jars\netty-handler-proxy-4.2.13.Final.jar;C:\Users\MY-PC\cleaning_task\.venv\Lib\site-packages\pyspark\bin\..\jars\netty-resolver-4.2.13.Final.jar;C:\Users\MY-PC\cleaning_task\.venv\Lib\site-packages\pyspark\bin\..\jars\netty-resolver-dns-4.2.13.Final.jar;C:\Users\MY-PC\cleaning_task\.venv\Lib\site-packages\pyspark\bin\..\jars\netty-tcnative-boringssl-static-2.0.76.Final-linux-aarch_64.jar;C:\Users\MY-PC\cleaning_task\.venv\Lib\site-packages\pyspark\bin\..\jars\netty-tcnative-boringssl-static-2.0.76.Final-linux-x86_64.jar;C:\Users\MY-PC\cleaning_task\.venv\Lib\site-packages\pyspark\bin\..\jars\netty-tcnative-boringssl-static-2.0.76.Final-osx-aarch_64.jar;C:\Users\MY-PC\cleaning_task\.venv\Lib\site-packages\pyspark\bin\..\jars\netty-tcnative-boringssl-static-2.0.76.Final-osx-x86_64.jar;C:\Users\MY-PC\cleaning_task\.venv\Lib\site-packages\pyspark\bin\..\jars\netty-tcnative-boringssl-static-2.0.76.Final-windows-x86_64.jar;C:\Users\MY-PC\cleaning_task\.venv\Lib\site-packages\pyspark\bin\..\jars\netty-tcnative-classes-2.0.76.Final.jar;C:\Users\MY-PC\cleaning_task\.venv\Lib\site-packages\pyspark\bin\..\jars\netty-transport-4.2.13.Final.jar;C:\Users\MY-PC\cleaning_task\.venv\Lib\site-packages\pyspark\bin\..\jars\netty-transport-classes-epoll-4.2.13.Final.jar;C:\Users\MY-PC\cleaning_task\.venv\Lib\site-packages\pyspark\bin\..\jars\netty-transport-classes-kqueue-4.2.13.Final.jar;C:\Users\MY-PC\cleaning_task\.venv\Lib\site-packages\pyspark\bin\..\jars\netty-transport-native-epoll-4.2.13.Final-linux-aarch_64.jar;C:\Users\MY-PC\cleaning_task\.venv\Lib\site-packages\pyspark\bin\..\jars\netty-transport-native-epoll-4.2.13.Final-linux-riscv64.jar;C:\Users\MY-PC\cleaning_task\.venv\Lib\site-packages\pyspark\bin\..\jars\netty-transport-native-epoll-4.2.13.Final-linux-x86_64.jar;C:\Users\MY-PC\cleaning_task\.venv\Lib\site-packages\pyspark\bin\..\jars\netty-transport-native-kqueue-4.2.13.Final-osx-aarch_64.jar;C:\Users\MY-PC\cleaning_task\.venv\Lib\site-packages\pyspark\bin\..\jars\netty-transport-native-kqueue-4.2.13.Final-osx-x86_64.jar;C:\Users\MY-PC\cleaning_task\.venv\Lib\site-packages\pyspark\bin\..\jars\netty-transport-native-unix-common-4.2.13.Final.jar;C:\Users\MY-PC\cleaning_task\.venv\Lib\site-packages\pyspark\bin\..\jars\objenesis-3.5.jar;C:\Users\MY-PC\cleaning_task\.venv\Lib\site-packages\pyspark\bin\..\jars\opencsv-2.3.jar;C:\Users\MY-PC\cleaning_task\.venv\Lib\site-packages\pyspark\bin\..\jars\orc-core-2.3.0-shaded-protobuf.jar;C:\Users\MY-PC\cleaning_task\.venv\Lib\site-packages\pyspark\bin\..\jars\orc-format-1.1.1-shaded-protobuf.jar;C:\Users\MY-PC\cleaning_task\.venv\Lib\site-packages\pyspark\bin\..\jars\orc-mapreduce-2.3.0-shaded-protobuf.jar;C:\Users\MY-PC\cleaning_task\.venv\Lib\site-packages\pyspark\bin\..\jars\orc-shims-2.3.0.jar;C:\Users\MY-PC\cleaning_task\.venv\Lib\site-packages\pyspark\bin\..\jars\oro-2.0.8.jar;C:\Users\MY-PC\cleaning_task\.venv\Lib\site-packages\pyspark\bin\..\jars\osgi-resource-locator-1.0.3.jar;C:\Users\MY-PC\cleaning_task\.venv\Lib\site-packages\pyspark\bin\..\jars\paranamer-2.8.3.jar;C:\Users\MY-PC\cleaning_task\.venv\Lib\site-packages\pyspark\bin\..\jars\parquet-column-1.17.0.jar;C:\Users\MY-PC\cleaning_task\.venv\Lib\site-packages\pyspark\bin\..\jars\parquet-common-1.17.0.jar;C:\Users\MY-PC\cleaning_task\.venv\Lib\site-packages\pyspark\bin\..\jars\parquet-encoding-1.17.0.jar;C:\Users\MY-PC\cleaning_task\.venv\Lib\site-packages\pyspark\bin\..\jars\parquet-format-structures-1.17.0.jar;C:\Users\MY-PC\cleaning_task\.venv\Lib\site-packages\pyspark\bin\..\jars\parquet-hadoop-1.17.0.jar;C:\Users\MY-PC\cleaning_task\.venv\Lib\site-packages\pyspark\bin\..\jars\parquet-jackson-1.17.0.jar;C:\Users\MY-PC\cleaning_task\.venv\Lib\site-packages\pyspark\bin\..\jars\pickle-1.5.jar;C:\Users\MY-PC\cleaning_task\.venv\Lib\site-packages\pyspark\bin\..\jars\py4j-0.10.9.9.jar;C:\Users\MY-PC\cleaning_task\.venv\Lib\site-packages\pyspark\bin\..\jars\RoaringBitmap-1.6.10.jar;C:\Users\MY-PC\cleaning_task\.venv\Lib\site-packages\pyspark\bin\..\jars\rocksdbjni-9.8.4.jar;C:\Users\MY-PC\cleaning_task\.venv\Lib\site-packages\pyspark\bin\..\jars\scala-compiler-2.13.18.jar;C:\Users\MY-PC\cleaning_task\.venv\Lib\site-packages\pyspark\bin\..\jars\scala-library-2.13.18.jar;C:\Users\MY-PC\cleaning_task\.venv\Lib\site-packages\pyspark\bin\..\jars\scala-parallel-collections_2.13-1.2.0.jar;C:\Users\MY-PC\cleaning_task\.venv\Lib\site-packages\pyspark\bin\..\jars\scala-parser-combinators_2.13-2.4.0.jar;C:\Users\MY-PC\cleaning_task\.venv\Lib\site-packages\pyspark\bin\..\jars\scala-reflect-2.13.18.jar;C:\Users\MY-PC\cleaning_task\.venv\Lib\site-packages\pyspark\bin\..\jars\scala-xml_2.13-2.4.0.jar;C:\Users\MY-PC\cleaning_task\.venv\Lib\site-packages\pyspark\bin\..\jars\slf4j-api-2.0.17.jar;C:\Users\MY-PC\cleaning_task\.venv\Lib\site-packages\pyspark\bin\..\jars\snakeyaml-2.5.jar;C:\Users\MY-PC\cleaning_task\.venv\Lib\site-packages\pyspark\bin\..\jars\snakeyaml-engine-3.0.1.jar;C:\Users\MY-PC\cleaning_task\.venv\Lib\site-packages\pyspark\bin\..\jars\snappy-java-1.1.10.8.jar;C:\Users\MY-PC\cleaning_task\.venv\Lib\site-packages\pyspark\bin\..\jars\spark-catalyst_2.13-4.2.0.jar;C:\Users\MY-PC\cleaning_task\.venv\Lib\site-packages\pyspark\bin\..\jars\spark-common-utils-java_2.13-4.2.0.jar;C:\Users\MY-PC\cleaning_task\.venv\Lib\site-packages\pyspark\bin\..\jars\spark-common-utils_2.13-4.2.0.jar;C:\Users\MY-PC\cleaning_task\.venv\Lib\site-packages\pyspark\bin\..\jars\spark-connect_2.13-4.2.0.jar;C:\Users\MY-PC\cleaning_task\.venv\Lib\site-packages\pyspark\bin\..\jars\spark-core_2.13-4.2.0.jar;C:\Users\MY-PC\cleaning_task\.venv\Lib\site-packages\pyspark\bin\..\jars\spark-graphx_2.13-4.2.0.jar;C:\Users\MY-PC\cleaning_task\.venv\Lib\site-packages\pyspark\bin\..\jars\spark-hive-thriftserver_2.13-4.2.0.jar;C:\Users\MY-PC\cleaning_task\.venv\Lib\site-packages\pyspark\bin\..\jars\spark-hive_2.13-4.2.0.jar;C:\Users\MY-PC\cleaning_task\.venv\Lib\site-packages\pyspark\bin\..\jars\spark-kubernetes_2.13-4.2.0.jar;C:\Users\MY-PC\cleaning_task\.venv\Lib\site-packages\pyspark\bin\..\jars\spark-kvstore_2.13-4.2.0.jar;C:\Users\MY-PC\cleaning_task\.venv\Lib\site-packages\pyspark\bin\..\jars\spark-launcher_2.13-4.2.0.jar;C:\Users\MY-PC\cleaning_task\.venv\Lib\site-packages\pyspark\bin\..\jars\spark-mllib-local_2.13-4.2.0.jar;C:\Users\MY-PC\cleaning_task\.venv\Lib\site-packages\pyspark\bin\..\jars\spark-mllib_2.13-4.2.0.jar;C:\Users\MY-PC\cleaning_task\.venv\Lib\site-packages\pyspark\bin\..\jars\spark-network-common_2.13-4.2.0.jar;C:\Users\MY-PC\cleaning_task\.venv\Lib\site-packages\pyspark\bin\..\jars\spark-network-shuffle_2.13-4.2.0.jar;C:\Users\MY-PC\cleaning_task\.venv\Lib\site-packages\pyspark\bin\..\jars\spark-pipelines_2.13-4.2.0.jar;C:\Users\MY-PC\cleaning_task\.venv\Lib\site-packages\pyspark\bin\..\jars\spark-repl_2.13-4.2.0.jar;C:\Users\MY-PC\cleaning_task\.venv\Lib\site-packages\pyspark\bin\..\jars\spark-sketch_2.13-4.2.0.jar;C:\Users\MY-PC\cleaning_task\.venv\Lib\site-packages\pyspark\bin\..\jars\spark-sql-api_2.13-4.2.0.jar;C:\Users\MY-PC\cleaning_task\.venv\Lib\site-packages\pyspark\bin\..\jars\spark-sql_2.13-4.2.0.jar;C:\Users\MY-PC\cleaning_task\.venv\Lib\site-packages\pyspark\bin\..\jars\spark-streaming_2.13-4.2.0.jar;C:\Users\MY-PC\cleaning_task\.venv\Lib\site-packages\pyspark\bin\..\jars\spark-tags_2.13-4.2.0.jar;C:\Users\MY-PC\cleaning_task\.venv\Lib\site-packages\pyspark\bin\..\jars\spark-unsafe_2.13-4.2.0.jar;C:\Users\MY-PC\cleaning_task\.venv\Lib\site-packages\pyspark\bin\..\jars\spark-variant_2.13-4.2.0.jar;C:\Users\MY-PC\cleaning_task\.venv\Lib\site-packages\pyspark\bin\..\jars\spark-yarn_2.13-4.2.0.jar;C:\Users\MY-PC\cleaning_task\.venv\Lib\site-packages\pyspark\bin\..\jars\spire-macros_2.13-0.18.0.jar;C:\Users\MY-PC\cleaning_task\.venv\Lib\site-packages\pyspark\bin\..\jars\spire-platform_2.13-0.18.0.jar;C:\Users\MY-PC\cleaning_task\.venv\Lib\site-packages\pyspark\bin\..\jars\spire-util_2.13-0.18.0.jar;C:\Users\MY-PC\cleaning_task\.venv\Lib\site-packages\pyspark\bin\..\jars\spire_2.13-0.18.0.jar;C:\Users\MY-PC\cleaning_task\.venv\Lib\site-packages\pyspark\bin\..\jars\ST4-4.0.4.jar;C:\Users\MY-PC\cleaning_task\.venv\Lib\site-packages\pyspark\bin\..\jars\stax-api-1.0.1.jar;C:\Users\MY-PC\cleaning_task\.venv\Lib\site-packages\pyspark\bin\..\jars\stream-2.9.8.jar;C:\Users\MY-PC\cleaning_task\.venv\Lib\site-packages\pyspark\bin\..\jars\super-csv-2.2.0.jar;C:\Users\MY-PC\cleaning_task\.venv\Lib\site-packages\pyspark\bin\..\jars\threeten-extra-1.8.0.jar;C:\Users\MY-PC\cleaning_task\.venv\Lib\site-packages\pyspark\bin\..\jars\tink-1.20.0.jar;C:\Users\MY-PC\cleaning_task\.venv\Lib\site-packages\pyspark\bin\..\jars\transaction-api-1.1.jar;C:\Users\MY-PC\cleaning_task\.venv\Lib\site-packages\pyspark\bin\..\jars\univocity-parsers-2.9.1.jar;C:\Users\MY-PC\cleaning_task\.venv\Lib\site-packages\pyspark\bin\..\jars\vertx-auth-common-4.5.26.jar;C:\Users\MY-PC\cleaning_task\.venv\Lib\site-packages\pyspark\bin\..\jars\vertx-core-4.5.26.jar;C:\Users\MY-PC\cleaning_task\.venv\Lib\site-packages\pyspark\bin\..\jars\vertx-uri-template-4.5.26.jar;C:\Users\MY-PC\cleaning_task\.venv\Lib\site-packages\pyspark\bin\..\jars\vertx-web-client-4.5.26.jar;C:\Users\MY-PC\cleaning_task\.venv\Lib\site-packages\pyspark\bin\..\jars\vertx-web-common-4.5.26.jar;C:\Users\MY-PC\cleaning_task\.venv\Lib\site-packages\pyspark\bin\..\jars\volcano-client-7.6.1.jar;C:\Users\MY-PC\cleaning_task\.venv\Lib\site-packages\pyspark\bin\..\jars\volcano-model-7.6.1.jar;C:\Users\MY-PC\cleaning_task\.venv\Lib\site-packages\pyspark\bin\..\jars\xbean-asm9-shaded-4.30.jar;C:\Users\MY-PC\cleaning_task\.venv\Lib\site-packages\pyspark\bin\..\jars\xmlschema-core-2.3.1.jar;C:\Users\MY-PC\cleaning_task\.venv\Lib\site-packages\pyspark\bin\..\jars\xz-1.12.jar;C:\Users\MY-PC\cleaning_task\.venv\Lib\site-packages\pyspark\bin\..\jars\zjsonpatch-7.6.1.jar;C:\Users\MY-PC\cleaning_task\.venv\Lib\site-packages\pyspark\bin\..\jars\zookeeper-3.9.5.jar;C:\Users\MY-PC\cleaning_task\.venv\Lib\site-packages\pyspark\bin\..\jars\zookeeper-jute-3.9.5.jar;C:\Users\MY-PC\cleaning_task\.venv\Lib\site-packages\pyspark\bin\..\jars\zstd-jni-1.5.7-7.jar
Launcher Type: SUN_STANDARD

[Global flags]
     intx CICompilerCount                          = 12                                        {product} {ergonomic}
     uint ConcGCThreads                            = 3                                         {product} {ergonomic}
     uint G1ConcRefinementThreads                  = 13                                        {product} {ergonomic}
   size_t G1HeapRegionSize                         = 2097152                                   {product} {ergonomic}
    uintx GCDrainStackTargetSize                   = 64                                        {product} {ergonomic}
     bool IgnoreUnrecognizedVMOptions              = true                                      {product} {command line}
   size_t InitialHeapSize                          = 260046848                                 {product} {ergonomic}
   size_t MarkStackSize                            = 4194304                                   {product} {ergonomic}
   size_t MaxHeapSize                              = 4294967296                                {product} {command line}
   size_t MaxNewSize                               = 2575302656                                {product} {ergonomic}
   size_t MinHeapDeltaBytes                        = 2097152                                   {product} {ergonomic}
   size_t MinHeapSize                              = 8388608                                   {product} {ergonomic}
    uintx NonNMethodCodeHeapSize                   = 7602480                                {pd product} {ergonomic}
    uintx NonProfiledCodeHeapSize                  = 122027880                              {pd product} {ergonomic}
    uintx ProfiledCodeHeapSize                     = 122027880                              {pd product} {ergonomic}
    uintx ReservedCodeCacheSize                    = 251658240                              {pd product} {ergonomic}
     bool SegmentedCodeCache                       = true                                      {product} {ergonomic}
   size_t SoftMaxHeapSize                          = 4294967296                             {manageable} {ergonomic}
     bool UseCompressedOops                        = true                           {product lp64_product} {ergonomic}
     bool UseG1GC                                  = true                                      {product} {ergonomic}
     bool UseLargePagesIndividualAllocation        = false                                  {pd product} {ergonomic}

Logging:
Log output configuration:
 #0: stdout all=warning uptime,level,tags foldmultilines=false
 #1: stderr all=off uptime,level,tags foldmultilines=false

Environment Variables:
JAVA_HOME=C:\Program Files\Java\jdk-21
PATH=C:\Users\MY-PC\cleaning_task\.venv\Scripts;c:\Users\MY-PC\AppData\Roaming\Code\User\globalStorage\github.copilot-chat\debugCommand;c:\Users\MY-PC\AppData\Roaming\Code\User\globalStorage\github.copilot-chat\copilotCli;C:\Program Files\Common Files\Oracle\Java\javapath;C:\Windows\system32;C:\Windows;C:\Windows\System32\Wbem;C:\Windows\System32\WindowsPowerShell\v1.0\;C:\Windows\System32\OpenSSH\;C:\Program Files (x86)\NVIDIA Corporation\PhysX\Common;C:\WINDOWS\system32;C:\WINDOWS;C:\WINDOWS\System32\Wbem;C:\WINDOWS\System32\WindowsPowerShell\v1.0\;C:\WINDOWS\System32\OpenSSH\;C:\Program Files (x86)\Microsoft SQL Server\160\Tools\Binn\;C:\Program Files\Microsoft SQL Server\160\Tools\Binn\;C:\Program Files\Microsoft SQL Server\Client SDK\ODBC\170\Tools\Binn\;C:\Program Files\Microsoft SQL Server\160\DTS\Binn\;C:\Program Files (x86)\Microsoft SQL Server\160\DTS\Binn\;C:\Program Files\Azure Data Studio\bin;C:\Program Files\nodejs\;C:\ProgramData\chocolatey\bin;C:\Users\MY-PC\AppData\Local\Microsoft\WindowsApps\python.exe\Scripts\;C:\Users\MY-PC\AppData\Local\Programs\Python\Python313\python.exe;C:\Program Files\dotnet\;c:\Users\MY-PC\AppData\Local\Programs\cursor\resources\app\bin;C:\Program Files\NVIDIA Corporation\NVIDIA App\NvDLISR;C:\Program Files\Git\cmd;C:\Program Files\GitHub CLI\;C:\Users\MY-PC\.local\bin;C:\Users\MY-PC\.local\bin;C:\Users\MY-PC\AppData\Local\Programs\Python\Python313\Scripts\;C:\Users\MY-PC\AppData\Local\Programs\Python\Python313\;C:\Users\MY-PC\AppData\Local\Microsoft\WindowsApps;C:\Users\MY-PC\AppData\Local\Programs\Microsoft VS Code\bin;C:\Users\MY-PC\AppData\Roaming\npm;C:\Users\MY-PC\AppData\Local\Programs\cursor\resources\app\bin;C:\msys64\ucrt64\bin;C:\Users\MY-PC\AppData\Roaming\Python\Scripts;C:\Users\MY-PC\AppData\Local\Programs\Ollama;C:\Users\MY-PC\AppData\Local\Programs\DockerDesktop\resources\bin;C:\Program Files\PostgreSQL\17\bin;C:\Users\MY-PC\.local\bin;C:\Users\MY-PC\.local\bin;C:\Users\MY-PC\AppData\Local\Programs\Python\Python313\Scripts\;C:\Users\MY-PC\AppData\Local\Programs\Python\Python313\;C:\Users\MY-PC\AppData\Local\Microsoft\WindowsApps;C:\Program Files\Azure Data Studio\bin;C:\Users\MY-PC\AppData\Local\Programs\Microsoft VS Code\bin;C:\Users\MY-PC\AppData\Roaming\npm;C:\msys64\ucrt64\bin;C:\Users\MY-PC\AppData\Roaming\Python\Scripts;C:\Users\MY-PC\AppData\Local\Programs\Ollama;C:\Users\MY-PC\AppData\Local\Programs\DockerDesktop\resources\bin;c:\Users\MY-PC\.vscode\extensions\ms-python.debugpy-2026.6.0-win32-x64\bundled\scripts\noConfigScripts;c:\Users\MY-PC\.vscode\extensions\vscjava.vscode-java-debug-0.59.0\bundled\scripts\noConfigScripts;C:\hadoop\bin
USERNAME=MY-PC
LANG=en_US.UTF-8
OS=Windows_NT
PROCESSOR_IDENTIFIER=AMD64 Family 25 Model 80 Stepping 0, AuthenticAMD
TMP=C:\Users\MY-PC\AppData\Local\Temp
TEMP=C:\Users\MY-PC\AppData\Local\Temp




Periodic native trim disabled

---------------  S Y S T E M  ---------------

OS:
 Windows 11 , 64 bit Build 26100 (10.0.26100.9168)
OS uptime: 13 days 19:22 hours
Hyper-V role detected

CPU: total 16 (initial active 16) (16 cores per cpu, 2 threads per core) family 25 model 80 stepping 0 microcode 0xa50000c, cx8, cmov, fxsr, ht, mmx, 3dnowpref, sse, sse2, sse3, ssse3, sse4a, sse4.1, sse4.2, popcnt, lzcnt, tsc, tscinvbit, avx, avx2, aes, erms, clmul, bmi1, bmi2, adx, sha, fma, vzeroupper, clflush, clflushopt, hv, rdtscp, rdpid, fsrm, f16c, cet_ss
Processor Information for all 16 processors :
  Max Mhz: 3201, Current Mhz: 1990, Mhz Limit: 3201

Memory: 4k page, system-wide physical 15775M (708M free)
TotalPageFile size 64927M (AvailPageFile size 9M)
current process WorkingSet (physical memory assigned to process): 98M, peak: 475M
current process commit charge ("private bytes"): 611M, peak: 614M

vm_info: Java HotSpot(TM) 64-Bit Server VM (21.0.2+13-LTS-58) for windows-amd64 JRE (21.0.2+13-LTS-58), built on 2024-01-05T18:32:24Z by "mach5one" with MS VC++ 17.1 (VS2022)

END.
